time, mass, displacement x, displacement y, displacement, velocity x, velocity y, velocity, acceleration x, acceleration y, acceleration
0.04, 10, 1.042, 2.074712, 2.321679, 26.1, 51.7356, 57.94637, 2.5, -6.610001, 7.066973, 
0.08, 10, 2.088, 4.138848, 4.63571, 26.2, 51.4712, 57.75573, 2.5, -6.610001, 7.066973, 
0.12, 10, 3.138, 6.192409, 6.942115, 26.3, 51.2068, 57.56584, 2.5, -6.610001, 7.066973, 
0.16, 10, 4.192, 8.235393, 9.240917, 26.4, 50.9424, 57.37672, 2.5, -6.610001, 7.066973, 
0.2, 10, 5.25, 10.2678, 11.53214, 26.5, 50.678, 57.18837, 2.5, -6.610001, 7.066973, 
0.24, 10, 6.312, 12.28963, 13.8158, 26.6, 50.4136, 57.0008, 2.5, -6.610001, 7.066973, 
0.28, 10, 7.378, 14.30089, 16.09193, 26.7, 50.1492, 56.81401, 2.5, -6.610001, 7.066973, 
0.32, 10, 8.448, 16.30157, 18.36055, 26.8, 49.8848, 56.62803, 2.5, -6.610001, 7.066973, 
0.36, 10, 9.522, 18.29167, 20.62168, 26.9, 49.6204, 56.44284, 2.5, -6.610001, 7.066973, 
0.4, 10, 10.6, 20.2712, 22.87535, 27, 49.356, 56.25846, 2.5, -6.610001, 7.066973, 
0.44, 10, 11.682, 22.24015, 25.12158, 27.1, 49.09159, 56.0749, 2.5, -6.610001, 7.066973, 
0.48, 10, 12.768, 24.19853, 27.36039, 27.2, 48.82719, 55.89217, 2.5, -6.610001, 7.066973, 
0.52, 10, 13.858, 26.14633, 29.5918, 27.3, 48.56279, 55.71028, 2.5, -6.610001, 7.066973, 
0.56, 10, 14.952, 28.08355, 31.81585, 27.40001, 48.29839, 55.52923, 2.5, -6.610001, 7.066973, 
0.6, 10, 16.05, 30.0102, 34.03255, 27.50001, 48.03399, 55.34903, 2.5, -6.610001, 7.066973, 
0.64, 10, 17.152, 31.92627, 36.24194, 27.60001, 47.76959, 55.16969, 2.5, -6.610001, 7.066973, 
0.68, 10, 18.258, 33.83177, 38.44403, 27.70001, 47.50519, 54.99121, 2.5, -6.610001, 7.066973, 
0.72, 10, 19.368, 35.72669, 40.63884, 27.80001, 47.24079, 54.81362, 2.5, -6.610001, 7.066973, 
0.76, 10, 20.482, 37.61103, 42.82642, 27.90001, 46.97639, 54.63691, 2.5, -6.610001, 7.066973, 
0.8, 10, 21.6, 39.4848, 45.00677, 28.00001, 46.71199, 54.46109, 2.5, -6.610001, 7.066973, 
0.84, 10, 22.722, 41.34799, 47.17993, 28.10001, 46.44759, 54.28618, 2.5, -6.610001, 7.066973, 
0.88, 10, 23.848, 43.20061, 49.34592, 28.20001, 46.18319, 54.11217, 2.5, -6.610001, 7.066973, 
0.92, 10, 24.978, 45.04265, 51.50476, 28.30001, 45.91879, 53.93909, 2.5, -6.610001, 7.066973, 
0.96, 10, 26.112, 46.87411, 53.65649, 28.40001, 45.65439, 53.76694, 2.5, -6.610001, 7.066973, 
1, 10, 27.25, 48.695, 55.80112, 28.50001, 45.38999, 53.59572, 2.5, -6.610001, 7.066973, 
1.04, 10, 28.392, 50.50531, 57.93869, 28.60001, 45.12559, 53.42546, 2.5, -6.610001, 7.066973, 
1.08, 10, 29.538, 52.30505, 60.06922, 28.70001, 44.86119, 53.25614, 2.5, -6.610001, 7.066973, 
1.12, 10, 30.688, 54.0942, 62.19274, 28.80001, 44.59679, 53.0878, 2.5, -6.610001, 7.066973, 
1.16, 10, 31.842, 55.87279, 64.30927, 28.90001, 44.33239, 52.92042, 2.5, -6.610001, 7.066973, 
1.2, 10, 33, 57.6408, 66.41884, 29.00001, 44.06799, 52.75403, 2.5, -6.610001, 7.066973, 
1.24, 10, 34.162, 59.39823, 68.52147, 29.10001, 43.80359, 52.58864, 2.5, -6.610001, 7.066973, 
1.28, 10, 35.328, 61.14508, 70.6172, 29.20001, 43.53918, 52.42424, 2.5, -6.610001, 7.066973, 
1.32, 10, 36.498, 62.88136, 72.70605, 29.30001, 43.27478, 52.26086, 2.5, -6.610001, 7.066973, 
1.36, 10, 37.672, 64.60706, 74.78805, 29.40001, 43.01038, 52.0985, 2.5, -6.610001, 7.066973, 
1.4, 10, 38.85001, 66.32219, 76.86323, 29.50001, 42.74598, 51.93717, 2.5, -6.610001, 7.066973, 
1.44, 10, 40.03201, 68.02674, 78.93161, 29.60001, 42.48158, 51.77688, 2.5, -6.610001, 7.066973, 
1.48, 10, 41.21801, 69.72072, 80.99323, 29.70001, 42.21718, 51.61765, 2.5, -6.610001, 7.066973, 
1.52, 10, 42.408, 71.40411, 83.0481, 29.80001, 41.95278, 51.45947, 2.5, -6.610001, 7.066973, 
1.56, 10, 43.60201, 73.07693, 85.09626, 29.90001, 41.68838, 51.30236, 2.5, -6.610001, 7.066973, 
1.6, 10, 44.80001, 74.73918, 87.13774, 30.00002, 41.42398, 51.14633, 2.5, -6.610001, 7.066973, 
1.64, 10, 46.00201, 76.39085, 89.17257, 30.10002, 41.15958, 50.99139, 2.5, -6.610001, 7.066973, 
1.68, 10, 47.20801, 78.03195, 91.20078, 30.20002, 40.89518, 50.83755, 2.5, -6.610001, 7.066973, 
1.72, 10, 48.41801, 79.66247, 93.22238, 30.30002, 40.63078, 50.68482, 2.5, -6.610001, 7.066973, 
1.76, 10, 49.63201, 81.28241, 95.23742, 30.40002, 40.36638, 50.53321, 2.5, -6.610001, 7.066973, 
1.8, 10, 50.85001, 82.89178, 97.24593, 30.50002, 40.10198, 50.38273, 2.5, -6.610001, 7.066973, 
1.84, 10, 52.07201, 84.49057, 99.24792, 30.60002, 39.83758, 50.23339, 2.5, -6.610001, 7.066973, 
1.88, 10, 53.29801, 86.07879, 101.2435, 30.70002, 39.57318, 50.0852, 2.5, -6.610001, 7.066973, 
1.92, 10, 54.52801, 87.65643, 103.2325, 30.80002, 39.30878, 49.93817, 2.5, -6.610001, 7.066973, 
1.96, 10, 55.76201, 89.22349, 105.2152, 30.90002, 39.04438, 49.79231, 2.5, -6.610001, 7.066973, 
2, 10, 57.00001, 90.77998, 107.1914, 31.00002, 38.77998, 49.64764, 2.5, -6.610001, 7.066973, 
2.04, 10, 58.24201, 92.32589, 109.1614, 31.10002, 38.51558, 49.50415, 2.5, -6.610001, 7.066973, 
2.08, 10, 59.48801, 93.86122, 111.1249, 31.20002, 38.25117, 49.36186, 2.5, -6.610001, 7.066973, 
2.12, 10, 60.73801, 95.38598, 113.0822, 31.30002, 37.98677, 49.22079, 2.5, -6.610001, 7.066973, 
2.16, 10, 61.99202, 96.90016, 115.0333, 31.40002, 37.72237, 49.08094, 2.5, -6.610001, 7.066973, 
2.2, 10, 63.25002, 98.40377, 116.9781, 31.50002, 37.45797, 48.94233, 2.5, -6.610001, 7.066973, 
2.24, 10, 64.51202, 99.8968, 118.9167, 31.60002, 37.19357, 48.80495, 2.5, -6.610001, 7.066973, 
2.28, 10, 65.77802, 101.3793, 120.8491, 31.70002, 36.92917, 48.66883, 2.5, -6.610001, 7.066973, 
2.32, 10, 67.04802, 102.8511, 122.7754, 31.80002, 36.66477, 48.53398, 2.5, -6.610001, 7.066973, 
2.36, 10, 68.32202, 104.3124, 124.6956, 31.90002, 36.40037, 48.4004, 2.5, -6.610001, 7.066973, 
2.4, 10, 69.60002, 105.7632, 126.6097, 32.00002, 36.13597, 48.2681, 2.5, -6.610001, 7.066973, 
2.44, 10, 70.88202, 107.2033, 128.5177, 32.10002, 35.87157, 48.1371, 2.5, -6.610001, 7.066973, 
2.48, 10, 72.16802, 108.6329, 130.4198, 32.20002, 35.60717, 48.00742, 2.5, -6.610001, 7.066973, 
2.52, 10, 73.45802, 110.0519, 132.3159, 32.30002, 35.34277, 47.87904, 2.5, -6.610001, 7.066973, 
2.56, 10, 74.75202, 111.4603, 134.2061, 32.40002, 35.07837, 47.752, 2.5, -6.610001, 7.066973, 
2.6, 10, 76.05003, 112.8582, 136.0903, 32.50002, 34.81397, 47.62629, 2.5, -6.610001, 7.066973, 
2.64, 10, 77.35203, 114.2454, 137.9687, 32.60001, 34.54957, 47.50193, 2.5, -6.610001, 7.066973, 
2.68, 10, 78.65803, 115.6221, 139.8412, 32.70001, 34.28517, 47.37893, 2.5, -6.610001, 7.066973, 
2.72, 10, 79.96803, 116.9882, 141.7079, 32.80001, 34.02077, 47.25731, 2.5, -6.610001, 7.066973, 
2.76, 10, 81.28203, 118.3438, 143.5689, 32.90001, 33.75637, 47.13707, 2.5, -6.610001, 7.066973, 
2.8, 10, 82.60003, 119.6888, 145.4241, 33.00001, 33.49197, 47.01822, 2.5, -6.610001, 7.066973, 
2.84, 10, 83.92203, 121.0231, 147.2736, 33.10001, 33.22757, 46.90076, 2.5, -6.610001, 7.066973, 
2.88, 10, 85.24803, 122.347, 149.1174, 33.2, 32.96317, 46.78473, 2.5, -6.610001, 7.066973, 
2.92, 10, 86.57803, 123.6602, 150.9556, 33.3, 32.69876, 46.67011, 2.5, -6.610001, 7.066973, 
2.96, 10, 87.91203, 124.9629, 152.7882, 33.4, 32.43436, 46.55693, 2.5, -6.610001, 7.066973, 
3, 10, 89.25003, 126.2549, 154.6153, 33.5, 32.16996, 46.4452, 2.5, -6.610001, 7.066973, 
3.04, 10, 90.59203, 127.5365, 156.4368, 33.6, 31.90556, 46.33492, 2.5, -6.610001, 7.066973, 
3.08, 10, 91.93803, 128.8074, 158.2528, 33.7, 31.64116, 46.22611, 2.5, -6.610001, 7.066973, 
3.12, 10, 93.28803, 130.0677, 160.0634, 33.8, 31.37676, 46.11877, 2.5, -6.610001, 7.066973, 
3.16, 10, 94.64203, 131.3175, 161.8685, 33.89999, 31.11236, 46.01292, 2.5, -6.610001, 7.066973, 
3.2, 10, 96.00003, 132.5567, 163.6683, 33.99999, 30.84796, 45.90856, 2.5, -6.610001, 7.066973, 
3.24, 10, 97.36203, 133.7854, 165.4627, 34.09999, 30.58356, 45.80571, 2.5, -6.610001, 7.066973, 
3.28, 10, 98.72803, 135.0034, 167.2518, 34.19999, 30.31916, 45.70438, 2.5, -6.610001, 7.066973, 
3.32, 10, 100.098, 136.2109, 169.0356, 34.29999, 30.05476, 45.60458, 2.5, -6.610001, 7.066973, 
3.36, 10, 101.472, 137.4078, 170.8142, 34.39999, 29.79036, 45.50631, 2.5, -6.610001, 7.066973, 
3.4, 10, 102.85, 138.5941, 172.5876, 34.49998, 29.52596, 45.4096, 2.5, -6.610001, 7.066973, 
3.44, 10, 104.232, 139.7699, 174.3558, 34.59998, 29.26156, 45.31443, 2.5, -6.610001, 7.066973, 
3.48, 10, 105.618, 140.9351, 176.1189, 34.69998, 28.99716, 45.22084, 2.5, -6.610001, 7.066973, 
3.52, 10, 107.008, 142.0897, 177.8769, 34.79998, 28.73276, 45.12881, 2.5, -6.610001, 7.066973, 
3.56, 10, 108.402, 143.2337, 179.6299, 34.89998, 28.46836, 45.03838, 2.5, -6.610001, 7.066973, 
3.6, 10, 109.8, 144.3671, 181.3778, 34.99998, 28.20396, 44.94954, 2.5, -6.610001, 7.066973, 
3.64, 10, 111.202, 145.49, 183.1208, 35.09998, 27.93956, 44.86231, 2.5, -6.610001, 7.066973, 
3.68, 10, 112.608, 146.6023, 184.8589, 35.19997, 27.67516, 44.7767, 2.5, -6.610001, 7.066973, 
3.72, 10, 114.018, 147.704, 186.592, 35.29997, 27.41076, 44.6927, 2.5, -6.610001, 7.066973, 
3.76, 10, 115.432, 148.7952, 188.3203, 35.39997, 27.14635, 44.61034, 2.5, -6.610001, 7.066973, 
3.8, 10, 116.85, 149.8757, 190.0438, 35.49997, 26.88195, 44.52962, 2.5, -6.610001, 7.066973, 
3.84, 10, 118.272, 150.9457, 191.7626, 35.59997, 26.61755, 44.45055, 2.5, -6.610001, 7.066973, 
3.88, 10, 119.698, 152.0051, 193.4765, 35.69997, 26.35315, 44.37315, 2.5, -6.610001, 7.066973, 
3.92, 10, 121.128, 153.054, 195.1859, 35.79996, 26.08875, 44.29741, 2.5, -6.610001, 7.066973, 
3.96, 10, 122.562, 154.0922, 196.8905, 35.89996, 25.82435, 44.22335, 2.5, -6.610001, 7.066973, 
4, 10, 124, 155.1199, 198.5905, 35.99996, 25.55995, 44.15097, 2.5, -6.610001, 7.066973, 
4.04, 10, 125.442, 156.137, 200.286, 36.09996, 25.29555, 44.08029, 2.5, -6.610001, 7.066973, 
4.08, 10, 126.888, 157.1436, 201.9769, 36.19996, 25.03115, 44.01131, 2.5, -6.610001, 7.066973, 
4.12, 10, 128.338, 158.1395, 203.6633, 36.29996, 24.76675, 43.94404, 2.5, -6.610001, 7.066973, 
4.16, 10, 129.792, 159.1249, 205.3453, 36.39996, 24.50235, 43.87849, 2.5, -6.610001, 7.066973, 
4.2, 10, 131.25, 160.0997, 207.0229, 36.49995, 24.23795, 43.81466, 2.5, -6.610001, 7.066973, 
4.24, 10, 132.712, 161.0639, 208.6961, 36.59995, 23.97355, 43.75257, 2.5, -6.610001, 7.066973, 
4.28, 10, 134.178, 162.0176, 210.365, 36.69995, 23.70915, 43.69222, 2.5, -6.610001, 7.066973, 
4.32, 10, 135.648, 162.9607, 212.0296, 36.79995, 23.44475, 43.63362, 2.5, -6.610001, 7.066973, 
4.36, 10, 137.122, 163.8932, 213.69, 36.89995, 23.18035, 43.57677, 2.5, -6.610001, 7.066973, 
4.4, 10, 138.6, 164.8151, 215.3462, 36.99995, 22.91595, 43.52168, 2.5, -6.610001, 7.066973, 
4.44, 10, 140.082, 165.7264, 216.9982, 37.09995, 22.65155, 43.46836, 2.5, -6.610001, 7.066973, 
4.48, 10, 141.568, 166.6272, 218.6461, 37.19994, 22.38715, 43.41682, 2.5, -6.610001, 7.066973, 
4.52, 10, 143.058, 167.5174, 220.29, 37.29994, 22.12275, 43.36706, 2.5, -6.610001, 7.066973, 
4.56, 10, 144.552, 168.397, 221.9298, 37.39994, 21.85835, 43.31908, 2.5, -6.610001, 7.066973, 
4.6, 10, 146.05, 169.2661, 223.5657, 37.49994, 21.59394, 43.2729, 2.5, -6.610001, 7.066973, 
4.64, 10, 147.552, 170.1246, 225.1976, 37.59994, 21.32954, 43.22852, 2.5, -6.610001, 7.066973, 
4.68, 10, 149.058, 170.9725, 226.8256, 37.69994, 21.06514, 43.18594, 2.5, -6.610001, 7.066973, 
4.72, 10, 150.568, 171.8098, 228.4498, 37.79993, 20.80074, 43.14517, 2.5, -6.610001, 7.066973, 
4.76, 10, 152.082, 172.6365, 230.0702, 37.89993, 20.53634, 43.10622, 2.5, -6.610001, 7.066973, 
4.8, 10, 153.6, 173.4527, 231.6868, 37.99993, 20.27194, 43.06909, 2.5, -6.610001, 7.066973, 
4.84, 10, 155.122, 174.2583, 233.2997, 38.09993, 20.00754, 43.03378, 2.5, -6.610001, 7.066973, 
4.88, 10, 156.648, 175.0533, 234.909, 38.19993, 19.74314, 43.00031, 2.5, -6.610001, 7.066973, 
4.92, 10, 158.178, 175.8377, 236.5146, 38.29993, 19.47874, 42.96866, 2.5, -6.610001, 7.066973, 
4.96, 10, 159.712, 176.6116, 238.1167, 38.39993, 19.21434, 42.93885, 2.5, -6.610001, 7.066973, 
5, 10, 161.25, 177.3749, 239.7152, 38.49992, 18.94994, 42.91089, 2.5, -6.610001, 7.066973, 
5.04, 10, 162.7919, 178.1276, 241.3103, 38.59992, 18.68554, 42.88477, 2.5, -6.610001, 7.066973, 
5.08, 10, 164.3379, 178.8697, 242.9019, 38.69992, 18.42114, 42.8605, 2.5, -6.610001, 7.066973, 
5.12, 10, 165.8879, 179.6013, 244.4901, 38.79992, 18.15674, 42.83808, 2.5, -6.610001, 7.066973, 
5.16, 10, 167.4419, 180.3222, 246.075, 38.89992, 17.89234, 42.81751, 2.5, -6.610001, 7.066973, 
5.2, 10, 168.9999, 181.0326, 247.6566, 38.99992, 17.62794, 42.7988, 2.5, -6.610001, 7.066973, 
5.24, 10, 170.5619, 181.7325, 249.235, 39.09991, 17.36354, 42.78196, 2.5, -6.610001, 7.066973, 
5.28, 10, 172.1279, 182.4217, 250.8101, 39.19991, 17.09914, 42.76697, 2.5, -6.610001, 7.066973, 
5.32, 10, 173.6979, 183.1004, 252.3821, 39.29991, 16.83474, 42.75385, 2.5, -6.610001, 7.066973, 
5.36, 10, 175.2719, 183.7685, 253.951, 39.39991, 16.57034, 42.74259, 2.5, -6.610001, 7.066973, 
5.4, 10, 176.8499, 184.426, 255.5168, 39.49991, 16.30593, 42.7332, 2.5, -6.610001, 7.066973, 
5.44, 10, 178.4319, 185.073, 257.0797, 39.59991, 16.04153, 42.72568, 2.5, -6.610001, 7.066973, 
5.48, 10, 180.0179, 185.7094, 258.6396, 39.69991, 15.77713, 42.72002, 2.5, -6.610001, 7.066973, 
5.52, 10, 181.6079, 186.3351, 260.1965, 39.7999, 15.51273, 42.71624, 2.5, -6.610001, 7.066973, 
5.56, 10, 183.2019, 186.9504, 261.7506, 39.8999, 15.24833, 42.71433, 2.5, -6.610001, 7.066973, 
5.6, 10, 184.7999, 187.555, 263.3019, 39.9999, 14.98393, 42.71429, 2.5, -6.610001, 7.066973, 
5.64, 10, 186.4019, 188.1491, 264.8504, 40.0999, 14.71953, 42.71612, 2.5, -6.610001, 7.066973, 
5.68, 10, 188.0079, 188.7326, 266.3962, 40.1999, 14.45513, 42.71981, 2.5, -6.610001, 7.066973, 
5.72, 10, 189.6179, 189.3055, 267.9394, 40.2999, 14.19073, 42.72538, 2.5, -6.610001, 7.066973, 
5.76, 10, 191.2319, 189.8678, 269.4799, 40.39989, 13.92633, 42.73282, 2.5, -6.610001, 7.066973, 
5.8, 10, 192.8499, 190.4196, 271.0179, 40.49989, 13.66193, 42.74213, 2.5, -6.610001, 7.066973, 
5.84, 10, 194.4719, 190.9608, 272.5534, 40.59989, 13.39753, 42.7533, 2.5, -6.610001, 7.066973, 
5.88, 10, 196.0979, 191.4914, 274.0864, 40.69989, 13.13313, 42.76635, 2.5, -6.610001, 7.066973, 
5.92, 10, 197.7279, 192.0114, 275.6169, 40.79989, 12.86873, 42.78125, 2.5, -6.610001, 7.066973, 
5.96, 10, 199.3619, 192.5209, 277.1452, 40.89989, 12.60433, 42.79801, 2.5, -6.610001, 7.066973, 
6, 10, 200.9999, 193.0198, 278.6711, 40.99989, 12.33993, 42.81664, 2.5, -6.610001, 7.066973, 
6.04, 10, 202.6419, 193.5081, 280.1948, 41.09988, 12.07553, 42.83712, 2.5, -6.610001, 7.066973, 
6.08, 10, 204.2879, 193.9858, 281.7162, 41.19988, 11.81113, 42.85946, 2.5, -6.610001, 7.066973, 
6.12, 10, 205.9379, 194.453, 283.2355, 41.29988, 11.54673, 42.88364, 2.5, -6.610001, 7.066973, 
6.16, 10, 207.5918, 194.9096, 284.7527, 41.39988, 11.28233, 42.90968, 2.5, -6.610001, 7.066973, 
6.2, 10, 209.2498, 195.3556, 286.2679, 41.49988, 11.01793, 42.93756, 2.5, -6.610001, 7.066973, 
6.24, 10, 210.9118, 195.791, 287.781, 41.59988, 10.75352, 42.96729, 2.5, -6.610001, 7.066973, 
6.28, 10, 212.5778, 196.2158, 289.2922, 41.69987, 10.48912, 42.99885, 2.5, -6.610001, 7.066973, 
6.32, 10, 214.2478, 196.6301, 290.8015, 41.79987, 10.22472, 43.03225, 2.5, -6.610001, 7.066973, 
6.36, 10, 215.9218, 197.0338, 292.309, 41.89987, 9.960323, 43.06747, 2.5, -6.610001, 7.066973, 
6.4, 10, 217.5998, 197.4269, 293.8147, 41.99987, 9.695923, 43.10452, 2.5, -6.610001, 7.066973, 
6.44, 10, 219.2818, 197.8095, 295.3187, 42.09987, 9.431522, 43.14339, 2.5, -6.610001, 7.066973, 
6.48, 10, 220.9678, 198.1815, 296.8209, 42.19987, 9.167122, 43.18408, 2.5, -6.610001, 7.066973, 
6.52, 10, 222.6578, 198.5429, 298.3216, 42.29987, 8.902721, 43.22658, 2.5, -6.610001, 7.066973, 
6.56, 10, 224.3518, 198.8937, 299.8206, 42.39986, 8.638321, 43.27088, 2.5, -6.610001, 7.066973, 
6.6, 10, 226.0498, 199.2339, 301.3182, 42.49986, 8.37392, 43.31698, 2.5, -6.610001, 7.066973, 
6.64, 10, 227.7518, 199.5636, 302.8143, 42.59986, 8.10952, 43.36488, 2.5, -6.610001, 7.066973, 
6.68, 10, 229.4578, 199.8827, 304.309, 42.69986, 7.84512, 43.41456, 2.5, -6.610001, 7.066973, 
6.72, 10, 231.1678, 200.1912, 305.8023, 42.79986, 7.58072, 43.46602, 2.5, -6.610001, 7.066973, 
6.76, 10, 232.8818, 200.4892, 307.2943, 42.89986, 7.31632, 43.51926, 2.5, -6.610001, 7.066973, 
6.8, 10, 234.5997, 200.7765, 308.7851, 42.99986, 7.05192, 43.57427, 2.5, -6.610001, 7.066973, 
6.84, 10, 236.3217, 201.0533, 310.2747, 43.09985, 6.78752, 43.63104, 2.5, -6.610001, 7.066973, 
6.88, 10, 238.0477, 201.3195, 311.7632, 43.19985, 6.52312, 43.68957, 2.5, -6.610001, 7.066973, 
6.92, 10, 239.7777, 201.5752, 313.2505, 43.29985, 6.25872, 43.74984, 2.5, -6.610001, 7.066973, 
6.96, 10, 241.5117, 201.8202, 314.7369, 43.39985, 5.99432, 43.81186, 2.5, -6.610001, 7.066973, 
7, 10, 243.2497, 202.0547, 316.2223, 43.49985, 5.72992, 43.87561, 2.5, -6.610001, 7.066973, 
7.04, 10, 244.9917, 202.2786, 317.7068, 43.59985, 5.46552, 43.94108, 2.5, -6.610001, 7.066973, 
7.08, 10, 246.7377, 202.4919, 319.1903, 43.69984, 5.20112, 44.00827, 2.5, -6.610001, 7.066973, 
7.12, 10, 248.4877, 202.6947, 320.6732, 43.79984, 4.93672, 44.07718, 2.5, -6.610001, 7.066973, 
7.16, 10, 250.2417, 202.8869, 322.1552, 43.89984, 4.67232, 44.14778, 2.5, -6.610001, 7.066973, 
7.2, 10, 251.9997, 203.0685, 323.6366, 43.99984, 4.40792, 44.22009, 2.5, -6.610001, 7.066973, 
7.24, 10, 253.7617, 203.2395, 325.1174, 44.09984, 4.14352, 44.29407, 2.5, -6.610001, 7.066973, 
7.28, 10, 255.5277, 203.4, 326.5975, 44.19984, 3.87912, 44.36973, 2.5, -6.610001, 7.066973, 
7.32, 10, 257.2977, 203.5499, 328.0772, 44.29984, 3.61472, 44.44706, 2.5, -6.610001, 7.066973, 
7.36, 10, 259.0717, 203.6891, 329.5564, 44.39983, 3.35032, 44.52606, 2.5, -6.610001, 7.066973, 
7.4, 10, 260.8496, 203.8179, 331.0351, 44.49983, 3.08592, 44.6067, 2.5, -6.610001, 7.066973, 
7.44, 10, 262.6316, 203.936, 332.5135, 44.59983, 2.82152, 44.68899, 2.5, -6.610001, 7.066973, 
7.48, 10, 264.4176, 204.0436, 333.9917, 44.69983, 2.55712, 44.77291, 2.5, -6.610001, 7.066973, 
7.52, 10, 266.2076, 204.1406, 335.4696, 44.79983, 2.29272, 44.85846, 2.5, -6.610001, 7.066973, 
7.56, 10, 268.0016, 204.227, 336.9474, 44.89983, 2.02832, 44.94562, 2.5, -6.610001, 7.066973, 
7.6, 10, 269.7996, 204.3029, 338.425, 44.99982, 1.76392, 45.03438, 2.5, -6.610001, 7.066973, 
7.64, 10, 271.6016, 204.3681, 339.9026, 45.09982, 1.49952, 45.12474, 2.5, -6.610001, 7.066973, 
7.68, 10, 273.4076, 204.4228, 341.3801, 45.19982, 1.23512, 45.21669, 2.5, -6.610001, 7.066973, 
7.72, 10, 275.2176, 204.4669, 342.8578, 45.29982, 0.9707198, 45.31022, 2.5, -6.610001, 7.066973, 
7.76, 10, 277.0316, 204.5005, 344.3355, 45.39982, 0.7063198, 45.40531, 2.5, -6.610001, 7.066973, 
7.8, 10, 278.8496, 204.5234, 345.8134, 45.49982, 0.4419198, 45.50196, 2.5, -6.610001, 7.066973, 
7.84, 10, 280.6716, 204.5358, 347.2916, 45.59982, 0.1775198, 45.60016, 2.5, -6.610001, 7.066973, 
7.88, 10, 282.4976, 204.5376, 348.77, 45.69981, -0.08688021, 45.69989, 2.5, -6.610001, 7.066973, 
7.92, 10, 284.3275, 204.5289, 350.2488, 45.79981, -0.3512802, 45.80116, 2.5, -6.610001, 7.066973, 
7.96, 10, 286.1615, 204.5096, 351.728, 45.89981, -0.6156802, 45.90394, 2.5, -6.610001, 7.066973, 
8, 10, 287.9995, 204.4796, 353.2076, 45.99981, -0.8800802, 46.00823, 2.5, -6.610001, 7.066973, 
8.04, 10, 289.8415, 204.4391, 354.6878, 46.09981, -1.14448, 46.11401, 2.5, -6.610001, 7.066973, 
8.08, 10, 291.6875, 204.3881, 356.1686, 46.19981, -1.40888, 46.22128, 2.5, -6.610001, 7.066973, 
8.12, 10, 293.5375, 204.3264, 357.65, 46.2998, -1.67328, 46.33003, 2.5, -6.610001, 7.066973, 
8.16, 10, 295.3915, 204.2542, 359.1321, 46.3998, -1.93768, 46.44024, 2.5, -6.610001, 7.066973, 
8.2, 10, 297.2495, 204.1714, 360.6151, 46.4998, -2.20208, 46.55191, 2.5, -6.610001, 7.066973, 
8.24, 10, 299.1115, 204.078, 362.0988, 46.5998, -2.46648, 46.66503, 2.5, -6.610001, 7.066973, 
8.28, 10, 300.9775, 203.9741, 363.5834, 46.6998, -2.73088, 46.77958, 2.5, -6.610001, 7.066973, 
8.32, 10, 302.8475, 203.8596, 365.0689, 46.7998, -2.99528, 46.89555, 2.5, -6.610001, 7.066973, 
8.36, 10, 304.7215, 203.7345, 366.5555, 46.8998, -3.25968, 47.01294, 2.5, -6.610001, 7.066973, 
8.4, 10, 306.5995, 203.5988, 368.0431, 46.99979, -3.52408, 47.13173, 2.5, -6.610001, 7.066973, 
8.44, 10, 308.4814, 203.4525, 369.5318, 47.09979, -3.78848, 47.25191, 2.5, -6.610001, 7.066973, 
8.48, 10, 310.3674, 203.2957, 371.0217, 47.19979, -4.05288, 47.37347, 2.5, -6.610001, 7.066973, 
8.52, 10, 312.2574, 203.1283, 372.5128, 47.29979, -4.31728, 47.49641, 2.5, -6.610001, 7.066973, 
8.56, 10, 314.1514, 202.9503, 374.0052, 47.39979, -4.58168, 47.6207, 2.5, -6.610001, 7.066973, 
8.6, 10, 316.0494, 202.7618, 375.4991, 47.49979, -4.84608, 47.74635, 2.5, -6.610001, 7.066973, 
8.64, 10, 317.9514, 202.5626, 376.9943, 47.59978, -5.11048, 47.87334, 2.5, -6.610001, 7.066973, 
8.68, 10, 319.8574, 202.3529, 378.491, 47.69978, -5.37488, 48.00165, 2.5, -6.610001, 7.066973, 
8.72, 10, 321.7674, 202.1327, 379.9893, 47.79978, -5.63928, 48.13129, 2.5, -6.610001, 7.066973, 
8.76, 10, 323.6814, 201.9018, 381.4891, 47.89978, -5.90368, 48.26223, 2.5, -6.610001, 7.066973, 
8.8, 10, 325.5994, 201.6604, 382.9907, 47.99978, -6.16808, 48.39446, 2.5, -6.610001, 7.066973, 
8.84, 10, 327.5214, 201.4083, 384.4939, 48.09978, -6.43248, 48.52798, 2.5, -6.610001, 7.066973, 
8.88, 10, 329.4474, 201.1458, 385.9989, 48.19978, -6.69688, 48.66278, 2.5, -6.610001, 7.066973, 
8.92, 10, 331.3773, 200.8726, 387.5058, 48.29977, -6.96128, 48.79885, 2.5, -6.610001, 7.066973, 
8.96, 10, 333.3113, 200.5889, 389.0146, 48.39977, -7.22568, 48.93617, 2.5, -6.610001, 7.066973, 
9, 10, 335.2493, 200.2945, 390.5253, 48.49977, -7.49008, 49.07473, 2.5, -6.610001, 7.066973, 
9.04, 10, 337.1913, 199.9897, 392.0381, 48.59977, -7.75448, 49.21453, 2.5, -6.610001, 7.066973, 
9.08, 10, 339.1373, 199.6742, 393.5529, 48.69977, -8.018881, 49.35555, 2.5, -6.610001, 7.066973, 
9.12, 10, 341.0873, 199.3481, 395.0699, 48.79977, -8.283281, 49.49778, 2.5, -6.610001, 7.066973, 
9.16, 10, 343.0413, 199.0115, 396.5891, 48.89977, -8.547682, 49.64121, 2.5, -6.610001, 7.066973, 
9.2, 10, 344.9992, 198.6643, 398.1105, 48.99976, -8.812082, 49.78584, 2.5, -6.610001, 7.066973, 
9.24, 10, 346.9612, 198.3065, 399.6343, 49.09976, -9.076483, 49.93164, 2.5, -6.610001, 7.066973, 
9.28, 10, 348.9272, 197.9382, 401.1605, 49.19976, -9.340883, 50.07862, 2.5, -6.610001, 7.066973, 
9.32, 10, 350.8972, 197.5593, 402.6891, 49.29976, -9.605284, 50.22676, 2.5, -6.610001, 7.066973, 
9.36, 10, 352.8712, 197.1698, 404.2203, 49.39976, -9.869684, 50.37605, 2.5, -6.610001, 7.066973, 
9.4, 10, 354.8492, 196.7697, 405.754, 49.49976, -10.13408, 50.52648, 2.5, -6.610001, 7.066973, 
9.44, 10, 356.8312, 196.3591, 407.2903, 49.59975, -10.39849, 50.67804, 2.5, -6.610001, 7.066973, 
9.48, 10, 358.8172, 195.9378, 408.8293, 49.69975, -10.66289, 50.83072, 2.5, -6.610001, 7.066973, 
9.52, 10, 360.8072, 195.506, 410.3711, 49.79975, -10.92729, 50.98451, 2.5, -6.610001, 7.066973, 
9.56, 10, 362.8012, 195.0636, 411.9157, 49.89975, -11.19169, 51.13941, 2.5, -6.610001, 7.066973, 
9.6, 10, 364.7992, 194.6107, 413.4631, 49.99975, -11.45609, 51.29539, 2.5, -6.610001, 7.066973, 
9.64, 10, 366.8012, 194.1472, 415.0135, 50.09975, -11.72049, 51.45245, 2.5, -6.610001, 7.066973, 
9.68, 10, 368.8072, 193.673, 416.5669, 50.19975, -11.98489, 51.61058, 2.5, -6.610001, 7.066973, 
9.72, 10, 370.8171, 193.1884, 418.1233, 50.29974, -12.24929, 51.76977, 2.5, -6.610001, 7.066973, 
9.76, 10, 372.8311, 192.6931, 419.6828, 50.39974, -12.51369, 51.93002, 2.5, -6.610001, 7.066973, 
9.8, 10, 374.8491, 192.1873, 421.2455, 50.49974, -12.77809, 52.0913, 2.5, -6.610001, 7.066973, 
9.84, 10, 376.8711, 191.6709, 422.8115, 50.59974, -13.04249, 52.25361, 2.5, -6.610001, 7.066973, 
9.88, 10, 378.8971, 191.1439, 424.3807, 50.69974, -13.30689, 52.41695, 2.5, -6.610001, 7.066973, 
9.92, 10, 380.9271, 190.6063, 425.9533, 50.79974, -13.57129, 52.5813, 2.5, -6.610001, 7.066973, 
9.96, 10, 382.9611, 190.0582, 427.5293, 50.89973, -13.83569, 52.74665, 2.5, -6.610001, 7.066973, 
10, 10, 384.9991, 189.4995, 429.1088, 50.99973, -14.10009, 52.91299, 2.5, -6.610001, 7.066973, 
10.04, 10, 387.0411, 188.9302, 430.6918, 51.09973, -14.36449, 53.08033, 2.5, -6.610001, 7.066973, 
10.08, 10, 389.0871, 188.3503, 432.2784, 51.19973, -14.62889, 53.24863, 2.5, -6.610001, 7.066973, 
10.12, 10, 391.1371, 187.7599, 433.8686, 51.29973, -14.89329, 53.4179, 2.5, -6.610001, 7.066973, 
10.16, 10, 393.191, 187.1588, 435.4626, 51.39973, -15.15769, 53.58813, 2.5, -6.610001, 7.066973, 
10.2, 10, 395.249, 186.5472, 437.0603, 51.49973, -15.42209, 53.7593, 2.5, -6.610001, 7.066973, 
10.24, 10, 397.311, 185.9251, 438.6618, 51.59972, -15.68649, 53.93142, 2.5, -6.610001, 7.066973, 
10.28, 10, 399.377, 185.2923, 440.2672, 51.69972, -15.9509, 54.10446, 2.5, -6.610001, 7.066973, 
10.32, 10, 401.447, 184.649, 441.8766, 51.79972, -16.2153, 54.27842, 2.5, -6.610001, 7.066973, 
10.36, 10, 403.5209, 183.9951, 443.4899, 51.89972, -16.4797, 54.45329, 2.5, -6.610001, 7.066973, 
10.4, 10, 405.5989, 183.3306, 445.1074, 51.99972, -16.7441, 54.62907, 2.5, -6.610001, 7.066973, 
10.44, 10, 407.6809, 182.6556, 446.729, 52.09972, -17.0085, 54.80574, 2.5, -6.610001, 7.066973, 
10.48, 10, 409.7669, 181.9699, 448.3548, 52.19971, -17.2729, 54.9833, 2.5, -6.610001, 7.066973, 
10.52, 10, 411.8569, 181.2737, 449.9848, 52.29971, -17.5373, 55.16174, 2.5, -6.610001, 7.066973, 
10.56, 10, 413.9509, 180.567, 451.6191, 52.39971, -17.8017, 55.34103, 2.5, -6.610001, 7.066973, 
10.6, 10, 416.0489, 179.8496, 453.2578, 52.49971, -18.0661, 55.5212, 2.5, -6.610001, 7.066973, 
10.64, 10, 418.1509, 179.1217, 454.9008, 52.59971, -18.3305, 55.70221, 2.5, -6.610001, 7.066973, 
10.68, 10, 420.2569, 178.3831, 456.5484, 52.69971, -18.5949, 55.88407, 2.5, -6.610001, 7.066973, 
10.72, 10, 422.3669, 177.6341, 458.2004, 52.79971, -18.8593, 56.06676, 2.5, -6.610001, 7.066973, 
10.76, 10, 424.4809, 176.8744, 459.8571, 52.8997, -19.1237, 56.25029, 2.5, -6.610001, 7.066973, 
10.8, 10, 426.5988, 176.1042, 461.5184, 52.9997, -19.3881, 56.43462, 2.5, -6.610001, 7.066973, 
10.84, 10, 428.7208, 175.3234, 463.1844, 53.0997, -19.6525, 56.61978, 2.5, -6.610001, 7.066973, 
10.88, 10, 430.8468, 174.532, 464.8552, 53.1997, -19.9169, 56.80573, 2.5, -6.610001, 7.066973, 
10.92, 10, 432.9768, 173.73, 466.5308, 53.2997, -20.1813, 56.99248, 2.5, -6.610001, 7.066973, 
10.96, 10, 435.1108, 172.9175, 468.2113, 53.3997, -20.4457, 57.18002, 2.5, -6.610001, 7.066973, 
11, 10, 437.2488, 172.0943, 469.8968, 53.49969, -20.7101, 57.36834, 2.5, -6.610001, 7.066973, 
11.04, 10, 439.3908, 171.2607, 471.5872, 53.59969, -20.9745, 57.55742, 2.5, -6.610001, 7.066973, 
11.08, 10, 441.5368, 170.4164, 473.2827, 53.69969, -21.2389, 57.74728, 2.5, -6.610001, 7.066973, 
11.12, 10, 443.6868, 169.5615, 474.9832, 53.79969, -21.50331, 57.93789, 2.5, -6.610001, 7.066973, 
11.16, 10, 445.8408, 168.6961, 476.689, 53.89969, -21.76771, 58.12925, 2.5, -6.610001, 7.066973, 
11.2, 10, 447.9987, 167.8201, 478.3999, 53.99969, -22.03211, 58.32135, 2.5, -6.610001, 7.066973, 
11.24, 10, 450.1607, 166.9336, 480.1161, 54.09969, -22.29651, 58.51419, 2.5, -6.610001, 7.066973, 
11.28, 10, 452.3267, 166.0364, 481.8377, 54.19968, -22.56091, 58.70775, 2.5, -6.610001, 7.066973, 
11.32, 10, 454.4967, 165.1287, 483.5646, 54.29968, -22.82531, 58.90204, 2.5, -6.610001, 7.066973, 
11.36, 10, 456.6707, 164.2104, 485.297, 54.39968, -23.08971, 59.09704, 2.5, -6.610001, 7.066973, 
11.4, 10, 458.8487, 163.2815, 487.0349, 54.49968, -23.35411, 59.29274, 2.5, -6.610001, 7.066973, 
11.44, 10, 461.0306, 162.342, 488.7783, 54.59968, -23.61851, 59.48915, 2.5, -6.610001, 7.066973, 
11.48, 10, 463.2166, 161.392, 490.5273, 54.69968, -23.88291, 59.68624, 2.5, -6.610001, 7.066973, 
11.52, 10, 465.4066, 160.4314, 492.282, 54.79967, -24.14731, 59.88403, 2.5, -6.610001, 7.066973, 
11.56, 10, 467.6006, 159.4602, 494.0424, 54.89967, -24.41171, 60.08249, 2.5, -6.610001, 7.066973, 
11.6, 10, 469.7986, 158.4785, 495.8086, 54.99967, -24.67611, 60.28162, 2.5, -6.610001, 7.066973, 
11.64, 10, 472.0006, 157.4861, 497.5806, 55.09967, -24.94051, 60.48142, 2.5, -6.610001, 7.066973, 
11.68, 10, 474.2066, 156.4832, 499.3585, 55.19967, -25.20491, 60.68188, 2.5, -6.610001, 7.066973, 
11.72, 10, 476.4166, 155.4697, 501.1423, 55.29967, -25.46931, 60.883, 2.5, -6.610001, 7.066973, 
11.76, 10, 478.6306, 154.4457, 502.9321, 55.39967, -25.73371, 61.08475, 2.5, -6.610001, 7.066973, 
11.8, 10, 480.8486, 153.411, 504.7279, 55.49966, -25.99811, 61.28715, 2.5, -6.610001, 7.066973, 
11.84, 10, 483.0706, 152.3658, 506.5298, 55.59966, -26.26251, 61.49018, 2.5, -6.610001, 7.066973, 
11.88, 10, 485.2965, 151.31, 508.338, 55.69966, -26.52691, 61.69384, 2.5, -6.610001, 7.066973, 
11.92, 10, 487.5265, 150.2437, 510.1522, 55.79966, -26.79132, 61.89812, 2.5, -6.610001, 7.066973, 
11.96, 10, 489.7605, 149.1667, 511.9727, 55.89966, -27.05572, 62.10301, 2.5, -6.610001, 7.066973, 
12, 10, 491.9985, 148.0792, 513.7996, 55.99966, -27.32012, 62.30851, 2.5, -6.610001, 7.066973, 
12.04, 10, 494.2404, 146.9811, 515.6327, 56.09966, -27.58452, 62.51461, 2.5, -6.610001, 7.066973, 
12.08, 10, 496.4864, 145.8725, 517.4722, 56.19965, -27.84892, 62.72131, 2.5, -6.610001, 7.066973, 
12.12, 10, 498.7364, 144.7532, 519.3183, 56.29965, -28.11332, 62.92861, 2.5, -6.610001, 7.066973, 
12.16, 10, 500.9904, 143.6234, 521.1708, 56.39965, -28.37772, 63.13648, 2.5, -6.610001, 7.066973, 
12.2, 10, 503.2484, 142.483, 523.03, 56.49965, -28.64212, 63.34494, 2.5, -6.610001, 7.066973, 
12.24, 10, 505.5104, 141.332, 524.8957, 56.59965, -28.90652, 63.55397, 2.5, -6.610001, 7.066973, 
12.28, 10, 507.7764, 140.1705, 526.7681, 56.69965, -29.17092, 63.76357, 2.5, -6.610001, 7.066973, 
12.32, 10, 510.0464, 138.9984, 528.6472, 56.79964, -29.43532, 63.97373, 2.5, -6.610001, 7.066973, 
12.36, 10, 512.3204, 137.8157, 530.533, 56.89964, -29.69972, 64.18444, 2.5, -6.610001, 7.066973, 
12.4, 10, 514.5984, 136.6224, 532.4258, 56.99964, -29.96412, 64.39571, 2.5, -6.610001, 7.066973, 
12.44, 10, 516.8804, 135.4185, 534.3253, 57.09964, -30.22852, 64.60753, 2.5, -6.610001, 7.066973, 
12.48, 10, 519.1664, 134.2041, 536.2318, 57.19964, -30.49292, 64.81988, 2.5, -6.610001, 7.066973, 
12.52, 10, 521.4564, 132.9791, 538.1451, 57.29964, -30.75732, 65.03277, 2.5, -6.610001, 7.066973, 
12.56, 10, 523.7504, 131.7435, 540.0656, 57.39964, -31.02172, 65.24619, 2.5, -6.610001, 7.066973, 
12.6, 10, 526.0483, 130.4974, 541.993, 57.49963, -31.28612, 65.46014, 2.5, -6.610001, 7.066973, 
12.64, 10, 528.3503, 129.2406, 543.9276, 57.59963, -31.55052, 65.6746, 2.5, -6.610001, 7.066973, 
12.68, 10, 530.6563, 127.9733, 545.8693, 57.69963, -31.81492, 65.88958, 2.5, -6.610001, 7.066973, 
12.72, 10, 532.9663, 126.6954, 547.8182, 57.79963, -32.07932, 66.10506, 2.5, -6.610001, 7.066973, 
12.76, 10, 535.2803, 125.407, 549.7744, 57.89963, -32.34372, 66.32106, 2.5, -6.610001, 7.066973, 
12.8, 10, 537.5983, 124.1079, 551.7379, 57.99963, -32.60812, 66.53755, 2.5, -6.610001, 7.066973, 
12.84, 10, 539.9202, 122.7983, 553.7087, 58.09962, -32.87252, 66.75455, 2.5, -6.610001, 7.066973, 
12.88, 10, 542.2462, 121.4781, 555.6869, 58.19962, -33.13692, 66.97202, 2.5, -6.610001, 7.066973, 
12.92, 10, 544.5762, 120.1474, 557.6725, 58.29962, -33.40133, 67.18999, 2.5, -6.610001, 7.066973, 
12.96, 10, 546.9102, 118.806, 559.6656, 58.39962, -33.66573, 67.40843, 2.5, -6.610001, 7.066973, 
13, 10, 549.2482, 117.4541, 561.6663, 58.49962, -33.93013, 67.62736, 2.5, -6.610001, 7.066973, 
13.04, 10, 551.5901, 116.0916, 563.6745, 58.59962, -34.19453, 67.84674, 2.5, -6.610001, 7.066973, 
13.08, 10, 553.9362, 114.7186, 565.6904, 58.69962, -34.45893, 68.0666, 2.5, -6.610001, 7.066973, 
13.12, 10, 556.2861, 113.3349, 567.7139, 58.79961, -34.72333, 68.28693, 2.5, -6.610001, 7.066973, 
13.16, 10, 558.6401, 111.9407, 569.7451, 58.89961, -34.98773, 68.50771, 2.5, -6.610001, 7.066973, 
13.2, 10, 560.9981, 110.5359, 571.7841, 58.99961, -35.25213, 68.72894, 2.5, -6.610001, 7.066973, 
13.24, 10, 563.3601, 109.1205, 573.8309, 59.09961, -35.51653, 68.95062, 2.5, -6.610001, 7.066973, 
13.28, 10, 565.7261, 107.6946, 575.8855, 59.19961, -35.78093, 69.17274, 2.5, -6.610001, 7.066973, 
13.32, 10, 568.0961, 106.258, 577.9481, 59.29961, -36.04533, 69.39531, 2.5, -6.610001, 7.066973, 
13.36, 10, 570.47, 104.8109, 580.0184, 59.3996, -36.30973, 69.61831, 2.5, -6.610001, 7.066973, 
13.4, 10, 572.848, 103.3533, 582.0969, 59.4996, -36.57413, 69.84175, 2.5, -6.610001, 7.066973, 
13.44, 10, 575.23, 101.885, 584.1833, 59.5996, -36.83853, 70.06561, 2.5, -6.610001, 7.066973, 
13.48, 10, 577.616, 100.4062, 586.2778, 59.6996, -37.10293, 70.2899, 2.5, -6.610001, 7.066973, 
13.52, 10, 580.006, 98.91678, 588.3804, 59.7996, -37.36733, 70.5146, 2.5, -6.610001, 7.066973, 
13.56, 10, 582.4, 97.41679, 590.4911, 59.8996, -37.63173, 70.73972, 2.5, -6.610001, 7.066973, 
13.6, 10, 584.798, 95.90623, 592.61, 59.9996, -37.89613, 70.96526, 2.5, -6.610001, 7.066973, 
13.64, 10, 587.2, 94.3851, 594.7372, 60.09959, -38.16053, 71.1912, 2.5, -6.610001, 7.066973, 
13.68, 10, 589.606, 92.85339, 596.8726, 60.19959, -38.42493, 71.41755, 2.5, -6.610001, 7.066973, 
13.72, 10, 592.0159, 91.31111, 599.0164, 60.29959, -38.68933, 71.64429, 2.5, -6.610001, 7.066973, 
13.76, 10, 594.4299, 89.75825, 601.1684, 60.39959, -38.95374, 71.87144, 2.5, -6.610001, 7.066973, 
13.8, 10, 596.8479, 88.19481, 603.3289, 60.49959, -39.21814, 72.09898, 2.5, -6.610001, 7.066973, 
13.84, 10, 599.2699, 86.6208, 605.4978, 60.59959, -39.48254, 72.3269, 2.5, -6.610001, 7.066973, 
13.88, 10, 601.6959, 85.03621, 607.6751, 60.69958, -39.74694, 72.55521, 2.5, -6.610001, 7.066973, 
13.92, 10, 604.1259, 83.44104, 609.861, 60.79958, -40.01134, 72.78391, 2.5, -6.610001, 7.066973, 
13.96, 10, 606.5598, 81.8353, 612.0554, 60.89958, -40.27574, 73.01297, 2.5, -6.610001, 7.066973, 
14, 10, 608.9978, 80.21898, 614.2584, 60.99958, -40.54014, 73.24242, 2.5, -6.610001, 7.066973, 
14.04, 10, 611.4398, 78.59209, 616.47, 61.09958, -40.80454, 73.47223, 2.5, -6.610001, 7.066973, 
14.08, 10, 613.8857, 76.95462, 618.6903, 61.19958, -41.06894, 73.70242, 2.5, -6.610001, 7.066973, 
14.12, 10, 616.3358, 75.30657, 620.9194, 61.29958, -41.33334, 73.93296, 2.5, -6.610001, 7.066973, 
14.16, 10, 618.7897, 73.64795, 623.1571, 61.39957, -41.59774, 74.16387, 2.5, -6.610001, 7.066973, 
14.2, 10, 621.2477, 71.97875, 625.4036, 61.49957, -41.86214, 74.39513, 2.5, -6.610001, 7.066973, 
14.24, 10, 623.7097, 70.29898, 627.6589, 61.59957, -42.12654, 74.62675, 2.5, -6.610001, 7.066973, 
14.28, 10, 626.1757, 68.60863, 629.9232, 61.69957, -42.39094, 74.85873, 2.5, -6.610001, 7.066973, 
14.32, 10, 628.6457, 66.9077, 632.1962, 61.79957, -42.65534, 75.09104, 2.5, -6.610001, 7.066973, 
14.36, 10, 631.1197, 65.1962, 634.4782, 61.89957, -42.91974, 75.32371, 2.5, -6.610001, 7.066973, 
14.4, 10, 633.5977, 63.47412, 636.7692, 61.99957, -43.18414, 75.55671, 2.5, -6.610001, 7.066973, 
14.44, 10, 636.0797, 61.74147, 639.0691, 62.09956, -43.44854, 75.79005, 2.5, -6.610001, 7.066973, 
14.48, 10, 638.5656, 59.99824, 641.3781, 62.19956, -43.71294, 76.02373, 2.5, -6.610001, 7.066973, 
14.52, 10, 641.0556, 58.24443, 643.6961, 62.29956, -43.97734, 76.25774, 2.5, -6.610001, 7.066973, 
14.56, 10, 643.5496, 56.48005, 646.0233, 62.39956, -44.24174, 76.49207, 2.5, -6.610001, 7.066973, 
14.6, 10, 646.0475, 54.70509, 648.3596, 62.49956, -44.50615, 76.72673, 2.5, -6.610001, 7.066973, 
14.64, 10, 648.5495, 52.91956, 650.705, 62.59956, -44.77055, 76.96172, 2.5, -6.610001, 7.066973, 
14.68, 10, 651.0555, 51.12345, 653.0596, 62.69955, -45.03495, 77.19702, 2.5, -6.610001, 7.066973, 
14.72, 10, 653.5655, 49.31676, 655.4235, 62.79955, -45.29935, 77.43265, 2.5, -6.610001, 7.066973, 
14.76, 10, 656.0795, 47.4995, 657.7967, 62.89955, -45.56375, 77.66858, 2.5, -6.610001, 7.066973, 
14.8, 10, 658.5975, 45.67166, 660.1791, 62.99955, -45.82815, 77.90483, 2.5, -6.610001, 7.066973, 
14.84, 10, 661.1194, 43.83325, 662.5709, 63.09955, -46.09255, 78.14139, 2.5, -6.610001, 7.066973, 
14.88, 10, 663.6454, 41.98426, 664.9722, 63.19955, -46.35695, 78.37824, 2.5, -6.610001, 7.066973, 
14.92, 10, 666.1754, 40.12469, 667.3827, 63.29955, -46.62135, 78.61541, 2.5, -6.610001, 7.066973, 
14.96, 10, 668.7094, 38.25455, 669.8027, 63.39954, -46.88575, 78.85287, 2.5, -6.610001, 7.066973, 
15, 10, 671.2474, 36.37383, 672.2322, 63.49954, -47.15015, 79.09064, 2.5, -6.610001, 7.066973, 
15.04, 10, 673.7894, 34.48254, 674.6711, 63.59954, -47.41455, 79.32869, 2.5, -6.610001, 7.066973, 
15.08, 10, 676.3353, 32.58067, 677.1196, 63.69954, -47.67895, 79.56704, 2.5, -6.610001, 7.066973, 
15.12, 10, 678.8853, 30.66822, 679.5777, 63.79954, -47.94335, 79.80568, 2.5, -6.610001, 7.066973, 
15.16, 10, 681.4393, 28.7452, 682.0453, 63.89954, -48.20775, 80.0446, 2.5, -6.610001, 7.066973, 
15.2, 10, 683.9973, 26.8116, 684.5226, 63.99953, -48.47215, 80.28381, 2.5, -6.610001, 7.066973, 
15.24, 10, 686.5593, 24.86743, 687.0095, 64.09953, -48.73655, 80.5233, 2.5, -6.610001, 7.066973, 
15.28, 10, 689.1252, 22.91268, 689.506, 64.19953, -49.00095, 80.76307, 2.5, -6.610001, 7.066973, 
15.32, 10, 691.6953, 20.94735, 692.0123, 64.29953, -49.26535, 81.00311, 2.5, -6.610001, 7.066973, 
15.36, 10, 694.2692, 18.97145, 694.5284, 64.39953, -49.52975, 81.24344, 2.5, -6.610001, 7.066973, 
15.4, 10, 696.8472, 16.98497, 697.0542, 64.49953, -49.79416, 81.48403, 2.5, -6.610001, 7.066973, 
15.44, 10, 699.4292, 14.98792, 699.5898, 64.59953, -50.05856, 81.72489, 2.5, -6.610001, 7.066973, 
15.48, 10, 702.0152, 12.98029, 702.1352, 64.69952, -50.32296, 81.96602, 2.5, -6.610001, 7.066973, 
15.52, 10, 704.6052, 10.96208, 704.6904, 64.79952, -50.58736, 82.20741, 2.5, -6.610001, 7.066973, 
15.56, 10, 707.1992, 8.933298, 707.2556, 64.89952, -50.85176, 82.44907, 2.5, -6.610001, 7.066973, 
15.6, 10, 709.7971, 6.89394, 709.8306, 64.99952, -51.11616, 82.69099, 2.5, -6.610001, 7.066973, 
15.64, 10, 712.3991, 4.844006, 712.4156, 65.09952, -51.38056, 82.93316, 2.5, -6.610001, 7.066973, 
15.68, 10, 715.0051, 2.783495, 715.0105, 65.19952, -51.64496, 83.17559, 2.5, -6.610001, 7.066973, 
15.72, 10, 717.6151, 0.7124093, 717.6154, 65.29951, -51.90936, 83.41827, 2.5, -6.610001, 7.066973, 
15.76, 10, 720.229, 0, 720.229, 65.39951, 0, 65.39951, 2.5, -6.610001, 7.066973, 
15.8, 10, 722.847, 0, 722.847, 65.49951, 0, 65.49951, 2.5, -6.610001, 7.066973, 
15.84, 10, 725.469, 0, 725.469, 65.59951, 0, 65.59951, 2.5, -6.610001, 7.066973, 
15.88, 10, 728.095, 0, 728.095, 65.69951, 0, 65.69951, 2.5, -6.610001, 7.066973, 
15.92, 10, 730.725, 0, 730.725, 65.79951, 0, 65.79951, 2.5, -6.610001, 7.066973, 
15.96, 10, 733.3589, 0, 733.3589, 65.89951, 0, 65.89951, 2.5, -6.610001, 7.066973, 
16, 10, 735.9969, 0, 735.9969, 65.9995, 0, 65.9995, 2.5, -6.610001, 7.066973, 
16.04, 10, 738.6389, 0, 738.6389, 66.0995, 0, 66.0995, 2.5, -6.610001, 7.066973, 
16.08, 10, 741.2849, 0, 741.2849, 66.1995, 0, 66.1995, 2.5, -6.610001, 7.066973, 
16.12, 10, 743.9349, 0, 743.9349, 66.2995, 0, 66.2995, 2.5, -6.610001, 7.066973, 
16.16, 10, 746.5889, 0, 746.5889, 66.3995, 0, 66.3995, 2.5, -6.610001, 7.066973, 
16.2, 10, 749.2468, 0, 749.2468, 66.4995, 0, 66.4995, 2.5, -6.610001, 7.066973, 
16.24, 10, 751.9088, 0, 751.9088, 66.59949, 0, 66.59949, 2.5, -6.610001, 7.066973, 
16.28, 10, 754.5748, 0, 754.5748, 66.69949, 0, 66.69949, 2.5, -6.610001, 7.066973, 
16.32, 10, 757.2448, 0, 757.2448, 66.79949, 0, 66.79949, 2.5, -6.610001, 7.066973, 
16.36, 10, 759.9187, 0, 759.9187, 66.89949, 0, 66.89949, 2.5, -6.610001, 7.066973, 
16.4, 10, 762.5967, 0, 762.5967, 66.99949, 0, 66.99949, 2.5, -6.610001, 7.066973, 
16.44, 10, 765.2787, 0, 765.2787, 67.09949, 0, 67.09949, 2.5, -6.610001, 7.066973, 
16.48, 10, 767.9647, 0, 767.9647, 67.19949, 0, 67.19949, 2.5, -6.610001, 7.066973, 
16.52, 10, 770.6547, 0, 770.6547, 67.29948, 0, 67.29948, 2.5, -6.610001, 7.066973, 
16.56, 10, 773.3486, 0, 773.3486, 67.39948, 0, 67.39948, 2.5, -6.610001, 7.066973, 
16.6, 10, 776.0466, 0, 776.0466, 67.49948, 0, 67.49948, 2.5, -6.610001, 7.066973, 
16.64, 10, 778.7486, 0, 778.7486, 67.59948, 0, 67.59948, 2.5, -6.610001, 7.066973, 
16.68, 10, 781.4546, 0, 781.4546, 67.69948, 0, 67.69948, 2.5, -6.610001, 7.066973, 
16.72, 10, 784.1646, 0, 784.1646, 67.79948, 0, 67.79948, 2.5, -6.610001, 7.066973, 
16.76, 10, 786.8785, 0, 786.8785, 67.89948, 0, 67.89948, 2.5, -6.610001, 7.066973, 
16.8, 10, 789.5965, 0, 789.5965, 67.99947, 0, 67.99947, 2.5, -6.610001, 7.066973, 
16.84, 10, 792.3185, 0, 792.3185, 68.09947, 0, 68.09947, 2.5, -6.610001, 7.066973, 
16.88, 10, 795.0444, 0, 795.0444, 68.19947, 0, 68.19947, 2.5, -6.610001, 7.066973, 
16.92, 10, 797.7744, 0, 797.7744, 68.29947, 0, 68.29947, 2.5, -6.610001, 7.066973, 
16.96, 10, 800.5084, 0, 800.5084, 68.39947, 0, 68.39947, 2.5, -6.610001, 7.066973, 
17, 10, 803.2464, 0, 803.2464, 68.49947, 0, 68.49947, 2.5, -6.610001, 7.066973, 
17.04, 10, 805.9884, 0, 805.9884, 68.59946, 0, 68.59946, 2.5, -6.610001, 7.066973, 
17.08, 10, 808.7344, 0, 808.7344, 68.69946, 0, 68.69946, 2.5, -6.610001, 7.066973, 
17.12, 10, 811.4844, 0, 811.4844, 68.79946, 0, 68.79946, 2.5, -6.610001, 7.066973, 
17.16, 10, 814.2383, 0, 814.2383, 68.89946, 0, 68.89946, 2.5, -6.610001, 7.066973, 
17.2, 10, 816.9963, 0, 816.9963, 68.99946, 0, 68.99946, 2.5, -6.610001, 7.066973, 
17.24, 10, 819.7583, 0, 819.7583, 69.09946, 0, 69.09946, 2.5, -6.610001, 7.066973, 
17.28, 10, 822.5243, 0, 822.5243, 69.19946, 0, 69.19946, 2.5, -6.610001, 7.066973, 
17.32, 10, 825.2943, 0, 825.2943, 69.29945, 0, 69.29945, 2.5, -6.610001, 7.066973, 
17.36, 10, 828.0682, 0, 828.0682, 69.39945, 0, 69.39945, 2.5, -6.610001, 7.066973, 
17.4, 10, 830.8462, 0, 830.8462, 69.49945, 0, 69.49945, 2.5, -6.610001, 7.066973, 
17.44, 10, 833.6282, 0, 833.6282, 69.59945, 0, 69.59945, 2.5, -6.610001, 7.066973, 
17.48, 10, 836.4141, 0, 836.4141, 69.69945, 0, 69.69945, 2.5, -6.610001, 7.066973, 
17.52, 10, 839.2041, 0, 839.2041, 69.79945, 0, 69.79945, 2.5, -6.610001, 7.066973, 
17.56, 10, 841.9981, 0, 841.9981, 69.89944, 0, 69.89944, 2.5, -6.610001, 7.066973, 
17.6, 10, 844.7961, 0, 844.7961, 69.99944, 0, 69.99944, 2.5, -6.610001, 7.066973, 
17.64, 10, 847.5981, 0, 847.5981, 70.09944, 0, 70.09944, 2.5, -6.610001, 7.066973, 
17.68, 10, 850.4041, 0, 850.4041, 70.19944, 0, 70.19944, 2.5, -6.610001, 7.066973, 
17.72, 10, 853.2141, 0, 853.2141, 70.29944, 0, 70.29944, 2.5, -6.610001, 7.066973, 
17.76, 10, 856.028, 0, 856.028, 70.39944, 0, 70.39944, 2.5, -6.610001, 7.066973, 
17.8, 10, 858.846, 0, 858.846, 70.49944, 0, 70.49944, 2.5, -6.610001, 7.066973, 
17.84, 10, 861.668, 0, 861.668, 70.59943, 0, 70.59943, 2.5, -6.610001, 7.066973, 
17.88, 10, 864.494, 0, 864.494, 70.69943, 0, 70.69943, 2.5, -6.610001, 7.066973, 
17.92, 10, 867.3239, 0, 867.3239, 70.79943, 0, 70.79943, 2.5, -6.610001, 7.066973, 
17.96, 10, 870.1579, 0, 870.1579, 70.89943, 0, 70.89943, 2.5, -6.610001, 7.066973, 
18, 10, 872.9958, 0, 872.9958, 70.99943, 0, 70.99943, 2.5, -6.610001, 7.066973, 
18.04, 10, 875.8378, 0, 875.8378, 71.09943, 0, 71.09943, 2.5, -6.610001, 7.066973, 
18.08, 10, 878.6838, 0, 878.6838, 71.19942, 0, 71.19942, 2.5, -6.610001, 7.066973, 
18.12, 10, 881.5338, 0, 881.5338, 71.29942, 0, 71.29942, 2.5, -6.610001, 7.066973, 
18.16, 10, 884.3878, 0, 884.3878, 71.39942, 0, 71.39942, 2.5, -6.610001, 7.066973, 
18.2, 10, 887.2457, 0, 887.2457, 71.49942, 0, 71.49942, 2.5, -6.610001, 7.066973, 
18.24, 10, 890.1077, 0, 890.1077, 71.59942, 0, 71.59942, 2.5, -6.610001, 7.066973, 
18.28, 10, 892.9737, 0, 892.9737, 71.69942, 0, 71.69942, 2.5, -6.610001, 7.066973, 
18.32, 10, 895.8437, 0, 895.8437, 71.79942, 0, 71.79942, 2.5, -6.610001, 7.066973, 
18.36, 10, 898.7177, 0, 898.7177, 71.89941, 0, 71.89941, 2.5, -6.610001, 7.066973, 
18.4, 10, 901.5956, 0, 901.5956, 71.99941, 0, 71.99941, 2.5, -6.610001, 7.066973, 
18.44, 10, 904.4776, 0, 904.4776, 72.09941, 0, 72.09941, 2.5, -6.610001, 7.066973, 
18.48, 10, 907.3636, 0, 907.3636, 72.19941, 0, 72.19941, 2.5, -6.610001, 7.066973, 
18.52, 10, 910.2535, 0, 910.2535, 72.29941, 0, 72.29941, 2.5, -6.610001, 7.066973, 
18.56, 10, 913.1475, 0, 913.1475, 72.39941, 0, 72.39941, 2.5, -6.610001, 7.066973, 
18.6, 10, 916.0455, 0, 916.0455, 72.4994, 0, 72.4994, 2.5, -6.610001, 7.066973, 
18.64, 10, 918.9474, 0, 918.9474, 72.5994, 0, 72.5994, 2.5, -6.610001, 7.066973, 
18.68, 10, 921.8535, 0, 921.8535, 72.6994, 0, 72.6994, 2.5, -6.610001, 7.066973, 
18.72, 10, 924.7634, 0, 924.7634, 72.7994, 0, 72.7994, 2.5, -6.610001, 7.066973, 
18.76, 10, 927.6774, 0, 927.6774, 72.8994, 0, 72.8994, 2.5, -6.610001, 7.066973, 
18.8, 10, 930.5954, 0, 930.5954, 72.9994, 0, 72.9994, 2.5, -6.610001, 7.066973, 
18.84, 10, 933.5174, 0, 933.5174, 73.0994, 0, 73.0994, 2.5, -6.610001, 7.066973, 
18.88, 10, 936.4434, 0, 936.4434, 73.19939, 0, 73.19939, 2.5, -6.610001, 7.066973, 
18.92, 10, 939.3734, 0, 939.3734, 73.29939, 0, 73.29939, 2.5, -6.610001, 7.066973, 
18.96, 10, 942.3073, 0, 942.3073, 73.39939, 0, 73.39939, 2.5, -6.610001, 7.066973, 
19, 10, 945.2453, 0, 945.2453, 73.49939, 0, 73.49939, 2.5, -6.610001, 7.066973, 
19.04, 10, 948.1873, 0, 948.1873, 73.59939, 0, 73.59939, 2.5, -6.610001, 7.066973, 
19.08, 10, 951.1332, 0, 951.1332, 73.69939, 0, 73.69939, 2.5, -6.610001, 7.066973, 
19.12, 10, 954.0832, 0, 954.0832, 73.79939, 0, 73.79939, 2.5, -6.610001, 7.066973, 
19.16, 10, 957.0372, 0, 957.0372, 73.89938, 0, 73.89938, 2.5, -6.610001, 7.066973, 
19.2, 10, 959.9951, 0, 959.9951, 73.99938, 0, 73.99938, 2.5, -6.610001, 7.066973, 
19.24, 10, 962.9571, 0, 962.9571, 74.09938, 0, 74.09938, 2.5, -6.610001, 7.066973, 
19.28, 10, 965.9231, 0, 965.9231, 74.19938, 0, 74.19938, 2.5, -6.610001, 7.066973, 
19.32, 10, 968.8931, 0, 968.8931, 74.29938, 0, 74.29938, 2.5, -6.610001, 7.066973, 
19.36, 10, 971.8671, 0, 971.8671, 74.39938, 0, 74.39938, 2.5, -6.610001, 7.066973, 
19.4, 10, 974.845, 0, 974.845, 74.49937, 0, 74.49937, 2.5, -6.610001, 7.066973, 
19.44, 10, 977.827, 0, 977.827, 74.59937, 0, 74.59937, 2.5, -6.610001, 7.066973, 
19.48, 10, 980.813, 0, 980.813, 74.69937, 0, 74.69937, 2.5, -6.610001, 7.066973, 
19.52, 10, 983.803, 0, 983.803, 74.79937, 0, 74.79937, 2.5, -6.610001, 7.066973, 
19.56, 10, 986.7969, 0, 986.7969, 74.89937, 0, 74.89937, 2.5, -6.610001, 7.066973, 
19.6, 10, 989.7949, 0, 989.7949, 74.99937, 0, 74.99937, 2.5, -6.610001, 7.066973, 
19.64, 10, 992.7969, 0, 992.7969, 75.09937, 0, 75.09937, 2.5, -6.610001, 7.066973, 
19.68, 10, 995.8029, 0, 995.8029, 75.19936, 0, 75.19936, 2.5, -6.610001, 7.066973, 
19.72, 10, 998.8128, 0, 998.8128, 75.29936, 0, 75.29936, 2.5, -6.610001, 7.066973, 
19.76, 10, 1001.827, 0, 1001.827, 75.39936, 0, 75.39936, 2.5, -6.610001, 7.066973, 
19.8, 10, 1004.845, 0, 1004.845, 75.49936, 0, 75.49936, 2.5, -6.610001, 7.066973, 
19.84, 10, 1007.867, 0, 1007.867, 75.59936, 0, 75.59936, 2.5, -6.610001, 7.066973, 
19.88, 10, 1010.893, 0, 1010.893, 75.69936, 0, 75.69936, 2.5, -6.610001, 7.066973, 
19.92, 10, 1013.923, 0, 1013.923, 75.79935, 0, 75.79935, 2.5, -6.610001, 7.066973, 
19.96, 10, 1016.957, 0, 1016.957, 75.89935, 0, 75.89935, 2.5, -6.610001, 7.066973, 
20, 10, 1019.995, 0, 1019.995, 75.99935, 0, 75.99935, 2.5, -6.610001, 7.066973, 
20.04, 10, 1023.037, 0, 1023.037, 76.09935, 0, 76.09935, 2.5, -6.610001, 7.066973, 
20.08, 10, 1026.083, 0, 1026.083, 76.19935, 0, 76.19935, 2.5, -6.610001, 7.066973, 
20.12, 10, 1029.133, 0, 1029.133, 76.29935, 0, 76.29935, 2.5, -6.610001, 7.066973, 
20.16, 10, 1032.187, 0, 1032.187, 76.39935, 0, 76.39935, 2.5, -6.610001, 7.066973, 
20.2, 10, 1035.245, 0, 1035.245, 76.49934, 0, 76.49934, 2.5, -6.610001, 7.066973, 
20.24, 10, 1038.307, 0, 1038.307, 76.59934, 0, 76.59934, 2.5, -6.610001, 7.066973, 
20.28, 10, 1041.372, 0, 1041.372, 76.69934, 0, 76.69934, 2.5, -6.610001, 7.066973, 
20.32, 10, 1044.442, 0, 1044.442, 76.79934, 0, 76.79934, 2.5, -6.610001, 7.066973, 
20.36, 10, 1047.516, 0, 1047.516, 76.89934, 0, 76.89934, 2.5, -6.610001, 7.066973, 
20.4, 10, 1050.594, 0, 1050.594, 76.99934, 0, 76.99934, 2.5, -6.610001, 7.066973, 
20.44, 10, 1053.676, 0, 1053.676, 77.09933, 0, 77.09933, 2.5, -6.610001, 7.066973, 
20.48, 10, 1056.762, 0, 1056.762, 77.19933, 0, 77.19933, 2.5, -6.610001, 7.066973, 
20.52, 10, 1059.852, 0, 1059.852, 77.29933, 0, 77.29933, 2.5, -6.610001, 7.066973, 
20.56, 10, 1062.946, 0, 1062.946, 77.39933, 0, 77.39933, 2.5, -6.610001, 7.066973, 
20.6, 10, 1066.044, 0, 1066.044, 77.49933, 0, 77.49933, 2.5, -6.610001, 7.066973, 
20.64, 10, 1069.146, 0, 1069.146, 77.59933, 0, 77.59933, 2.5, -6.610001, 7.066973, 
20.68, 10, 1072.252, 0, 1072.252, 77.69933, 0, 77.69933, 2.5, -6.610001, 7.066973, 
20.72, 10, 1075.362, 0, 1075.362, 77.79932, 0, 77.79932, 2.5, -6.610001, 7.066973, 
20.76, 10, 1078.476, 0, 1078.476, 77.89932, 0, 77.89932, 2.5, -6.610001, 7.066973, 
20.8, 10, 1081.594, 0, 1081.594, 77.99932, 0, 77.99932, 2.5, -6.610001, 7.066973, 
20.84, 10, 1084.716, 0, 1084.716, 78.09932, 0, 78.09932, 2.5, -6.610001, 7.066973, 
20.88, 10, 1087.842, 0, 1087.842, 78.19932, 0, 78.19932, 2.5, -6.610001, 7.066973, 
20.92, 10, 1090.972, 0, 1090.972, 78.29932, 0, 78.29932, 2.5, -6.610001, 7.066973, 
20.96, 10, 1094.106, 0, 1094.106, 78.39931, 0, 78.39931, 2.5, -6.610001, 7.066973, 
21, 10, 1097.244, 0, 1097.244, 78.49931, 0, 78.49931, 2.5, -6.610001, 7.066973, 
21.04, 10, 1100.386, 0, 1100.386, 78.59931, 0, 78.59931, 2.5, -6.610001, 7.066973, 
21.08, 10, 1103.532, 0, 1103.532, 78.69931, 0, 78.69931, 2.5, -6.610001, 7.066973, 
21.12, 10, 1106.682, 0, 1106.682, 78.79931, 0, 78.79931, 2.5, -6.610001, 7.066973, 
21.16, 10, 1109.836, 0, 1109.836, 78.89931, 0, 78.89931, 2.5, -6.610001, 7.066973, 
21.2, 10, 1112.994, 0, 1112.994, 78.99931, 0, 78.99931, 2.5, -6.610001, 7.066973, 
21.24, 10, 1116.156, 0, 1116.156, 79.0993, 0, 79.0993, 2.5, -6.610001, 7.066973, 
21.28, 10, 1119.322, 0, 1119.322, 79.1993, 0, 79.1993, 2.5, -6.610001, 7.066973, 
21.32, 10, 1122.492, 0, 1122.492, 79.2993, 0, 79.2993, 2.5, -6.610001, 7.066973, 
21.36, 10, 1125.666, 0, 1125.666, 79.3993, 0, 79.3993, 2.5, -6.610001, 7.066973, 
21.4, 10, 1128.844, 0, 1128.844, 79.4993, 0, 79.4993, 2.5, -6.610001, 7.066973, 
21.44, 10, 1132.026, 0, 1132.026, 79.5993, 0, 79.5993, 2.5, -6.610001, 7.066973, 
21.48, 10, 1135.212, 0, 1135.212, 79.6993, 0, 79.6993, 2.5, -6.610001, 7.066973, 
21.52, 10, 1138.402, 0, 1138.402, 79.79929, 0, 79.79929, 2.5, -6.610001, 7.066973, 
21.56, 10, 1141.596, 0, 1141.596, 79.89929, 0, 79.89929, 2.5, -6.610001, 7.066973, 
21.6, 10, 1144.794, 0, 1144.794, 79.99929, 0, 79.99929, 2.5, -6.610001, 7.066973, 
21.64, 10, 1147.996, 0, 1147.996, 80.09929, 0, 80.09929, 2.5, -6.610001, 7.066973, 
21.68, 10, 1151.202, 0, 1151.202, 80.19929, 0, 80.19929, 2.5, -6.610001, 7.066973, 
21.72, 10, 1154.411, 0, 1154.411, 80.29929, 0, 80.29929, 2.5, -6.610001, 7.066973, 
21.76, 10, 1157.625, 0, 1157.625, 80.39928, 0, 80.39928, 2.5, -6.610001, 7.066973, 
21.8, 10, 1160.844, 0, 1160.844, 80.49928, 0, 80.49928, 2.5, -6.610001, 7.066973, 
21.84, 10, 1164.065, 0, 1164.065, 80.59928, 0, 80.59928, 2.5, -6.610001, 7.066973, 
21.88, 10, 1167.291, 0, 1167.291, 80.69928, 0, 80.69928, 2.5, -6.610001, 7.066973, 
21.92, 10, 1170.521, 0, 1170.521, 80.79928, 0, 80.79928, 2.5, -6.610001, 7.066973, 
21.96, 10, 1173.755, 0, 1173.755, 80.89928, 0, 80.89928, 2.5, -6.610001, 7.066973, 
22, 10, 1176.993, 0, 1176.993, 80.99928, 0, 80.99928, 2.5, -6.610001, 7.066973, 
22.04, 10, 1180.235, 0, 1180.235, 81.09927, 0, 81.09927, 2.5, -6.610001, 7.066973, 
22.08, 10, 1183.481, 0, 1183.481, 81.19927, 0, 81.19927, 2.5, -6.610001, 7.066973, 
22.12, 10, 1186.731, 0, 1186.731, 81.29927, 0, 81.29927, 2.5, -6.610001, 7.066973, 
22.16, 10, 1189.985, 0, 1189.985, 81.39927, 0, 81.39927, 2.5, -6.610001, 7.066973, 
22.2, 10, 1193.243, 0, 1193.243, 81.49927, 0, 81.49927, 2.5, -6.610001, 7.066973, 
22.24, 10, 1196.505, 0, 1196.505, 81.59927, 0, 81.59927, 2.5, -6.610001, 7.066973, 
22.28, 10, 1199.771, 0, 1199.771, 81.69926, 0, 81.69926, 2.5, -6.610001, 7.066973, 
22.32, 10, 1203.041, 0, 1203.041, 81.79926, 0, 81.79926, 2.5, -6.610001, 7.066973, 
22.36, 10, 1206.315, 0, 1206.315, 81.89926, 0, 81.89926, 2.5, -6.610001, 7.066973, 
22.4, 10, 1209.593, 0, 1209.593, 81.99926, 0, 81.99926, 2.5, -6.610001, 7.066973, 
22.44, 10, 1212.875, 0, 1212.875, 82.09926, 0, 82.09926, 2.5, -6.610001, 7.066973, 
22.48, 10, 1216.161, 0, 1216.161, 82.19926, 0, 82.19926, 2.5, -6.610001, 7.066973, 
22.52, 10, 1219.451, 0, 1219.451, 82.29926, 0, 82.29926, 2.5, -6.610001, 7.066973, 
22.56, 10, 1222.745, 0, 1222.745, 82.39925, 0, 82.39925, 2.5, -6.610001, 7.066973, 
22.6, 10, 1226.043, 0, 1226.043, 82.49925, 0, 82.49925, 2.5, -6.610001, 7.066973, 
22.64, 10, 1229.345, 0, 1229.345, 82.59925, 0, 82.59925, 2.5, -6.610001, 7.066973, 
22.68, 10, 1232.651, 0, 1232.651, 82.69925, 0, 82.69925, 2.5, -6.610001, 7.066973, 
22.72, 10, 1235.961, 0, 1235.961, 82.79925, 0, 82.79925, 2.5, -6.610001, 7.066973, 
22.76, 10, 1239.275, 0, 1239.275, 82.89925, 0, 82.89925, 2.5, -6.610001, 7.066973, 
22.8, 10, 1242.593, 0, 1242.593, 82.99924, 0, 82.99924, 2.5, -6.610001, 7.066973, 
22.84, 10, 1245.915, 0, 1245.915, 83.09924, 0, 83.09924, 2.5, -6.610001, 7.066973, 
22.88, 10, 1249.241, 0, 1249.241, 83.19924, 0, 83.19924, 2.5, -6.610001, 7.066973, 
22.92, 10, 1252.571, 0, 1252.571, 83.29924, 0, 83.29924, 2.5, -6.610001, 7.066973, 
22.96, 10, 1255.905, 0, 1255.905, 83.39924, 0, 83.39924, 2.5, -6.610001, 7.066973, 
23, 10, 1259.243, 0, 1259.243, 83.49924, 0, 83.49924, 2.5, -6.610001, 7.066973, 
23.04, 10, 1262.585, 0, 1262.585, 83.59924, 0, 83.59924, 2.5, -6.610001, 7.066973, 
23.08, 10, 1265.931, 0, 1265.931, 83.69923, 0, 83.69923, 2.5, -6.610001, 7.066973, 
23.12, 10, 1269.281, 0, 1269.281, 83.79923, 0, 83.79923, 2.5, -6.610001, 7.066973, 
23.16, 10, 1272.635, 0, 1272.635, 83.89923, 0, 83.89923, 2.5, -6.610001, 7.066973, 
23.2, 10, 1275.992, 0, 1275.992, 83.99923, 0, 83.99923, 2.5, -6.610001, 7.066973, 
23.24, 10, 1279.354, 0, 1279.354, 84.09923, 0, 84.09923, 2.5, -6.610001, 7.066973, 
23.28, 10, 1282.72, 0, 1282.72, 84.19923, 0, 84.19923, 2.5, -6.610001, 7.066973, 
23.32, 10, 1286.09, 0, 1286.09, 84.29922, 0, 84.29922, 2.5, -6.610001, 7.066973, 
23.36, 10, 1289.464, 0, 1289.464, 84.39922, 0, 84.39922, 2.5, -6.610001, 7.066973, 
23.4, 10, 1292.842, 0, 1292.842, 84.49922, 0, 84.49922, 2.5, -6.610001, 7.066973, 
23.44, 10, 1296.224, 0, 1296.224, 84.59922, 0, 84.59922, 2.5, -6.610001, 7.066973, 
23.48, 10, 1299.61, 0, 1299.61, 84.69922, 0, 84.69922, 2.5, -6.610001, 7.066973, 
23.52, 10, 1303, 0, 1303, 84.79922, 0, 84.79922, 2.5, -6.610001, 7.066973, 
23.56, 10, 1306.394, 0, 1306.394, 84.89922, 0, 84.89922, 2.5, -6.610001, 7.066973, 
23.6, 10, 1309.792, 0, 1309.792, 84.99921, 0, 84.99921, 2.5, -6.610001, 7.066973, 
23.64, 10, 1313.194, 0, 1313.194, 85.09921, 0, 85.09921, 2.5, -6.610001, 7.066973, 
23.68, 10, 1316.6, 0, 1316.6, 85.19921, 0, 85.19921, 2.5, -6.610001, 7.066973, 
23.72, 10, 1320.01, 0, 1320.01, 85.29921, 0, 85.29921, 2.5, -6.610001, 7.066973, 
23.76, 10, 1323.424, 0, 1323.424, 85.39921, 0, 85.39921, 2.5, -6.610001, 7.066973, 
23.8, 10, 1326.842, 0, 1326.842, 85.49921, 0, 85.49921, 2.5, -6.610001, 7.066973, 
23.84, 10, 1330.264, 0, 1330.264, 85.59921, 0, 85.59921, 2.5, -6.610001, 7.066973, 
23.88, 10, 1333.69, 0, 1333.69, 85.6992, 0, 85.6992, 2.5, -6.610001, 7.066973, 
23.92, 10, 1337.12, 0, 1337.12, 85.7992, 0, 85.7992, 2.5, -6.610001, 7.066973, 
23.96, 10, 1340.554, 0, 1340.554, 85.8992, 0, 85.8992, 2.5, -6.610001, 7.066973, 
24, 10, 1343.992, 0, 1343.992, 85.9992, 0, 85.9992, 2.5, -6.610001, 7.066973, 
24.04, 10, 1347.434, 0, 1347.434, 86.0992, 0, 86.0992, 2.5, -6.610001, 7.066973, 
24.08, 10, 1350.88, 0, 1350.88, 86.1992, 0, 86.1992, 2.5, -6.610001, 7.066973, 
24.12, 10, 1354.33, 0, 1354.33, 86.29919, 0, 86.29919, 2.5, -6.610001, 7.066973, 
24.16, 10, 1357.784, 0, 1357.784, 86.39919, 0, 86.39919, 2.5, -6.610001, 7.066973, 
24.2, 10, 1361.242, 0, 1361.242, 86.49919, 0, 86.49919, 2.5, -6.610001, 7.066973, 
24.24, 10, 1364.704, 0, 1364.704, 86.59919, 0, 86.59919, 2.5, -6.610001, 7.066973, 
24.28, 10, 1368.17, 0, 1368.17, 86.69919, 0, 86.69919, 2.5, -6.610001, 7.066973, 
24.32, 10, 1371.64, 0, 1371.64, 86.79919, 0, 86.79919, 2.5, -6.610001, 7.066973, 
24.36, 10, 1375.114, 0, 1375.114, 86.89919, 0, 86.89919, 2.5, -6.610001, 7.066973, 
24.4, 10, 1378.592, 0, 1378.592, 86.99918, 0, 86.99918, 2.5, -6.610001, 7.066973, 
24.44, 10, 1382.073, 0, 1382.073, 87.09918, 0, 87.09918, 2.5, -6.610001, 7.066973, 
24.48, 10, 1385.559, 0, 1385.559, 87.19918, 0, 87.19918, 2.5, -6.610001, 7.066973, 
24.52, 10, 1389.049, 0, 1389.049, 87.29918, 0, 87.29918, 2.5, -6.610001, 7.066973, 
24.56, 10, 1392.543, 0, 1392.543, 87.39918, 0, 87.39918, 2.5, -6.610001, 7.066973, 
24.6, 10, 1396.041, 0, 1396.041, 87.49918, 0, 87.49918, 2.5, -6.610001, 7.066973, 
24.64, 10, 1399.543, 0, 1399.543, 87.59917, 0, 87.59917, 2.5, -6.610001, 7.066973, 
24.68, 10, 1403.049, 0, 1403.049, 87.69917, 0, 87.69917, 2.5, -6.610001, 7.066973, 
24.72, 10, 1406.559, 0, 1406.559, 87.79917, 0, 87.79917, 2.5, -6.610001, 7.066973, 
24.76, 10, 1410.073, 0, 1410.073, 87.89917, 0, 87.89917, 2.5, -6.610001, 7.066973, 
24.8, 10, 1413.591, 0, 1413.591, 87.99917, 0, 87.99917, 2.5, -6.610001, 7.066973, 
24.84, 10, 1417.113, 0, 1417.113, 88.09917, 0, 88.09917, 2.5, -6.610001, 7.066973, 
24.88, 10, 1420.639, 0, 1420.639, 88.19917, 0, 88.19917, 2.5, -6.610001, 7.066973, 
24.92, 10, 1424.169, 0, 1424.169, 88.29916, 0, 88.29916, 2.5, -6.610001, 7.066973, 
24.96, 10, 1427.703, 0, 1427.703, 88.39916, 0, 88.39916, 2.5, -6.610001, 7.066973, 
25, 10, 1431.241, 0, 1431.241, 88.49916, 0, 88.49916, 2.5, -6.610001, 7.066973, 
25.04, 10, 1434.783, 0, 1434.783, 88.59916, 0, 88.59916, 2.5, -6.610001, 7.066973, 
25.08, 10, 1438.329, 0, 1438.329, 88.69916, 0, 88.69916, 2.5, -6.610001, 7.066973, 
25.12, 10, 1441.879, 0, 1441.879, 88.79916, 0, 88.79916, 2.5, -6.610001, 7.066973, 
25.16, 10, 1445.433, 0, 1445.433, 88.89915, 0, 88.89915, 2.5, -6.610001, 7.066973, 
25.2, 10, 1448.991, 0, 1448.991, 88.99915, 0, 88.99915, 2.5, -6.610001, 7.066973, 
25.24, 10, 1452.553, 0, 1452.553, 89.09915, 0, 89.09915, 2.5, -6.610001, 7.066973, 
25.28, 10, 1456.119, 0, 1456.119, 89.19915, 0, 89.19915, 2.5, -6.610001, 7.066973, 
25.32, 10, 1459.689, 0, 1459.689, 89.29915, 0, 89.29915, 2.5, -6.610001, 7.066973, 
25.36, 10, 1463.263, 0, 1463.263, 89.39915, 0, 89.39915, 2.5, -6.610001, 7.066973, 
25.4, 10, 1466.841, 0, 1466.841, 89.49915, 0, 89.49915, 2.5, -6.610001, 7.066973, 
25.44, 10, 1470.423, 0, 1470.423, 89.59914, 0, 89.59914, 2.5, -6.610001, 7.066973, 
25.48, 10, 1474.009, 0, 1474.009, 89.69914, 0, 89.69914, 2.5, -6.610001, 7.066973, 
25.52, 10, 1477.599, 0, 1477.599, 89.79914, 0, 89.79914, 2.5, -6.610001, 7.066973, 
25.56, 10, 1481.193, 0, 1481.193, 89.89914, 0, 89.89914, 2.5, -6.610001, 7.066973, 
25.6, 10, 1484.791, 0, 1484.791, 89.99914, 0, 89.99914, 2.5, -6.610001, 7.066973, 
25.64, 10, 1488.392, 0, 1488.392, 90.09914, 0, 90.09914, 2.5, -6.610001, 7.066973, 
25.68, 10, 1491.998, 0, 1491.998, 90.19913, 0, 90.19913, 2.5, -6.610001, 7.066973, 
25.72, 10, 1495.608, 0, 1495.608, 90.29913, 0, 90.29913, 2.5, -6.610001, 7.066973, 
25.76, 10, 1499.222, 0, 1499.222, 90.39913, 0, 90.39913, 2.5, -6.610001, 7.066973, 
25.8, 10, 1502.84, 0, 1502.84, 90.49913, 0, 90.49913, 2.5, -6.610001, 7.066973, 
25.84, 10, 1506.462, 0, 1506.462, 90.59913, 0, 90.59913, 2.5, -6.610001, 7.066973, 
25.88, 10, 1510.088, 0, 1510.088, 90.69913, 0, 90.69913, 2.5, -6.610001, 7.066973, 
25.92, 10, 1513.718, 0, 1513.718, 90.79913, 0, 90.79913, 2.5, -6.610001, 7.066973, 
25.96, 10, 1517.352, 0, 1517.352, 90.89912, 0, 90.89912, 2.5, -6.610001, 7.066973, 
26, 10, 1520.99, 0, 1520.99, 90.99912, 0, 90.99912, 2.5, -6.610001, 7.066973, 
26.04, 10, 1524.632, 0, 1524.632, 91.09912, 0, 91.09912, 2.5, -6.610001, 7.066973, 
26.08, 10, 1528.278, 0, 1528.278, 91.19912, 0, 91.19912, 2.5, -6.610001, 7.066973, 
26.12, 10, 1531.928, 0, 1531.928, 91.29912, 0, 91.29912, 2.5, -6.610001, 7.066973, 
26.16, 10, 1535.582, 0, 1535.582, 91.39912, 0, 91.39912, 2.5, -6.610001, 7.066973, 
26.2, 10, 1539.24, 0, 1539.24, 91.49911, 0, 91.49911, 2.5, -6.610001, 7.066973, 
26.24, 10, 1542.902, 0, 1542.902, 91.59911, 0, 91.59911, 2.5, -6.610001, 7.066973, 
26.28, 10, 1546.568, 0, 1546.568, 91.69911, 0, 91.69911, 2.5, -6.610001, 7.066973, 
26.32, 10, 1550.238, 0, 1550.238, 91.79911, 0, 91.79911, 2.5, -6.610001, 7.066973, 
26.36, 10, 1553.912, 0, 1553.912, 91.89911, 0, 91.89911, 2.5, -6.610001, 7.066973, 
26.4, 10, 1557.59, 0, 1557.59, 91.99911, 0, 91.99911, 2.5, -6.610001, 7.066973, 
26.44, 10, 1561.272, 0, 1561.272, 92.09911, 0, 92.09911, 2.5, -6.610001, 7.066973, 
26.48, 10, 1564.958, 0, 1564.958, 92.1991, 0, 92.1991, 2.5, -6.610001, 7.066973, 
26.52, 10, 1568.648, 0, 1568.648, 92.2991, 0, 92.2991, 2.5, -6.610001, 7.066973, 
26.56, 10, 1572.342, 0, 1572.342, 92.3991, 0, 92.3991, 2.5, -6.610001, 7.066973, 
26.6, 10, 1576.04, 0, 1576.04, 92.4991, 0, 92.4991, 2.5, -6.610001, 7.066973, 
26.64, 10, 1579.742, 0, 1579.742, 92.5991, 0, 92.5991, 2.5, -6.610001, 7.066973, 
26.68, 10, 1583.448, 0, 1583.448, 92.6991, 0, 92.6991, 2.5, -6.610001, 7.066973, 
26.72, 10, 1587.157, 0, 1587.157, 92.7991, 0, 92.7991, 2.5, -6.610001, 7.066973, 
26.76, 10, 1590.871, 0, 1590.871, 92.89909, 0, 92.89909, 2.5, -6.610001, 7.066973, 
26.8, 10, 1594.589, 0, 1594.589, 92.99909, 0, 92.99909, 2.5, -6.610001, 7.066973, 
26.84, 10, 1598.311, 0, 1598.311, 93.09909, 0, 93.09909, 2.5, -6.610001, 7.066973, 
26.88, 10, 1602.037, 0, 1602.037, 93.19909, 0, 93.19909, 2.5, -6.610001, 7.066973, 
26.92, 10, 1605.767, 0, 1605.767, 93.29909, 0, 93.29909, 2.5, -6.610001, 7.066973, 
26.96, 10, 1609.501, 0, 1609.501, 93.39909, 0, 93.39909, 2.5, -6.610001, 7.066973, 
27, 10, 1613.239, 0, 1613.239, 93.49908, 0, 93.49908, 2.5, -6.610001, 7.066973, 
27.04, 10, 1616.981, 0, 1616.981, 93.59908, 0, 93.59908, 2.5, -6.610001, 7.066973, 
27.08, 10, 1620.727, 0, 1620.727, 93.69908, 0, 93.69908, 2.5, -6.610001, 7.066973, 
27.12, 10, 1624.477, 0, 1624.477, 93.79908, 0, 93.79908, 2.5, -6.610001, 7.066973, 
27.16, 10, 1628.231, 0, 1628.231, 93.89908, 0, 93.89908, 2.5, -6.610001, 7.066973, 
27.2, 10, 1631.989, 0, 1631.989, 93.99908, 0, 93.99908, 2.5, -6.610001, 7.066973, 
27.24, 10, 1635.751, 0, 1635.751, 94.09908, 0, 94.09908, 2.5, -6.610001, 7.066973, 
27.28, 10, 1639.517, 0, 1639.517, 94.19907, 0, 94.19907, 2.5, -6.610001, 7.066973, 
27.32, 10, 1643.287, 0, 1643.287, 94.29907, 0, 94.29907, 2.5, -6.610001, 7.066973, 
27.36, 10, 1647.061, 0, 1647.061, 94.39907, 0, 94.39907, 2.5, -6.610001, 7.066973, 
27.4, 10, 1650.839, 0, 1650.839, 94.49907, 0, 94.49907, 2.5, -6.610001, 7.066973, 
27.44, 10, 1654.621, 0, 1654.621, 94.59907, 0, 94.59907, 2.5, -6.610001, 7.066973, 
27.48, 10, 1658.407, 0, 1658.407, 94.69907, 0, 94.69907, 2.5, -6.610001, 7.066973, 
27.52, 10, 1662.197, 0, 1662.197, 94.79906, 0, 94.79906, 2.5, -6.610001, 7.066973, 
27.56, 10, 1665.991, 0, 1665.991, 94.89906, 0, 94.89906, 2.5, -6.610001, 7.066973, 
27.6, 10, 1669.789, 0, 1669.789, 94.99906, 0, 94.99906, 2.5, -6.610001, 7.066973, 
27.64, 10, 1673.591, 0, 1673.591, 95.09906, 0, 95.09906, 2.5, -6.610001, 7.066973, 
27.68, 10, 1677.397, 0, 1677.397, 95.19906, 0, 95.19906, 2.5, -6.610001, 7.066973, 
27.72, 10, 1681.207, 0, 1681.207, 95.29906, 0, 95.29906, 2.5, -6.610001, 7.066973, 
27.76, 10, 1685.021, 0, 1685.021, 95.39906, 0, 95.39906, 2.5, -6.610001, 7.066973, 
27.8, 10, 1688.839, 0, 1688.839, 95.49905, 0, 95.49905, 2.5, -6.610001, 7.066973, 
27.84, 10, 1692.661, 0, 1692.661, 95.59905, 0, 95.59905, 2.5, -6.610001, 7.066973, 
27.88, 10, 1696.486, 0, 1696.486, 95.69905, 0, 95.69905, 2.5, -6.610001, 7.066973, 
27.92, 10, 1700.316, 0, 1700.316, 95.79905, 0, 95.79905, 2.5, -6.610001, 7.066973, 
27.96, 10, 1704.15, 0, 1704.15, 95.89905, 0, 95.89905, 2.5, -6.610001, 7.066973, 
28, 10, 1707.988, 0, 1707.988, 95.99905, 0, 95.99905, 2.5, -6.610001, 7.066973, 
28.04, 10, 1711.83, 0, 1711.83, 96.09904, 0, 96.09904, 2.5, -6.610001, 7.066973, 
28.08, 10, 1715.676, 0, 1715.676, 96.19904, 0, 96.19904, 2.5, -6.610001, 7.066973, 
28.12, 10, 1719.526, 0, 1719.526, 96.29904, 0, 96.29904, 2.5, -6.610001, 7.066973, 
28.16, 10, 1723.38, 0, 1723.38, 96.39904, 0, 96.39904, 2.5, -6.610001, 7.066973, 
28.2, 10, 1727.238, 0, 1727.238, 96.49904, 0, 96.49904, 2.5, -6.610001, 7.066973, 
28.24, 10, 1731.1, 0, 1731.1, 96.59904, 0, 96.59904, 2.5, -6.610001, 7.066973, 
28.28, 10, 1734.966, 0, 1734.966, 96.69904, 0, 96.69904, 2.5, -6.610001, 7.066973, 
28.32, 10, 1738.836, 0, 1738.836, 96.79903, 0, 96.79903, 2.5, -6.610001, 7.066973, 
28.36, 10, 1742.71, 0, 1742.71, 96.89903, 0, 96.89903, 2.5, -6.610001, 7.066973, 
28.4, 10, 1746.588, 0, 1746.588, 96.99903, 0, 96.99903, 2.5, -6.610001, 7.066973, 
28.44, 10, 1750.47, 0, 1750.47, 97.09903, 0, 97.09903, 2.5, -6.610001, 7.066973, 
28.48, 10, 1754.356, 0, 1754.356, 97.19903, 0, 97.19903, 2.5, -6.610001, 7.066973, 
28.52, 10, 1758.246, 0, 1758.246, 97.29903, 0, 97.29903, 2.5, -6.610001, 7.066973, 
28.56, 10, 1762.14, 0, 1762.14, 97.39902, 0, 97.39902, 2.5, -6.610001, 7.066973, 
28.6, 10, 1766.038, 0, 1766.038, 97.49902, 0, 97.49902, 2.5, -6.610001, 7.066973, 
28.64, 10, 1769.94, 0, 1769.94, 97.59902, 0, 97.59902, 2.5, -6.610001, 7.066973, 
28.68, 10, 1773.846, 0, 1773.846, 97.69902, 0, 97.69902, 2.5, -6.610001, 7.066973, 
28.72, 10, 1777.756, 0, 1777.756, 97.79902, 0, 97.79902, 2.5, -6.610001, 7.066973, 
28.76, 10, 1781.67, 0, 1781.67, 97.89902, 0, 97.89902, 2.5, -6.610001, 7.066973, 
28.8, 10, 1785.588, 0, 1785.588, 97.99902, 0, 97.99902, 2.5, -6.610001, 7.066973, 
28.84, 10, 1789.51, 0, 1789.51, 98.09901, 0, 98.09901, 2.5, -6.610001, 7.066973, 
28.88, 10, 1793.435, 0, 1793.435, 98.19901, 0, 98.19901, 2.5, -6.610001, 7.066973, 
28.92, 10, 1797.365, 0, 1797.365, 98.29901, 0, 98.29901, 2.5, -6.610001, 7.066973, 
28.96, 10, 1801.299, 0, 1801.299, 98.39901, 0, 98.39901, 2.5, -6.610001, 7.066973, 
29, 10, 1805.237, 0, 1805.237, 98.49901, 0, 98.49901, 2.5, -6.610001, 7.066973, 
29.04, 10, 1809.179, 0, 1809.179, 98.59901, 0, 98.59901, 2.5, -6.610001, 7.066973, 
29.08, 10, 1813.125, 0, 1813.125, 98.69901, 0, 98.69901, 2.5, -6.610001, 7.066973, 
29.12, 10, 1817.075, 0, 1817.075, 98.799, 0, 98.799, 2.5, -6.610001, 7.066973, 
29.16, 10, 1821.029, 0, 1821.029, 98.899, 0, 98.899, 2.5, -6.610001, 7.066973, 
29.2, 10, 1824.987, 0, 1824.987, 98.999, 0, 98.999, 2.5, -6.610001, 7.066973, 
29.24, 10, 1828.949, 0, 1828.949, 99.099, 0, 99.099, 2.5, -6.610001, 7.066973, 
29.28, 10, 1832.915, 0, 1832.915, 99.199, 0, 99.199, 2.5, -6.610001, 7.066973, 
29.32, 10, 1836.885, 0, 1836.885, 99.299, 0, 99.299, 2.5, -6.610001, 7.066973, 
29.36, 10, 1840.859, 0, 1840.859, 99.39899, 0, 99.39899, 2.5, -6.610001, 7.066973, 
29.4, 10, 1844.837, 0, 1844.837, 99.49899, 0, 99.49899, 2.5, -6.610001, 7.066973, 
29.44, 10, 1848.819, 0, 1848.819, 99.59899, 0, 99.59899, 2.5, -6.610001, 7.066973, 
29.48, 10, 1852.805, 0, 1852.805, 99.69899, 0, 99.69899, 2.5, -6.610001, 7.066973, 
29.52, 10, 1856.795, 0, 1856.795, 99.79899, 0, 99.79899, 2.5, -6.610001, 7.066973, 
29.56, 10, 1860.789, 0, 1860.789, 99.89899, 0, 99.89899, 2.5, -6.610001, 7.066973, 
29.6, 10, 1864.787, 0, 1864.787, 99.99899, 0, 99.99899, 2.5, -6.610001, 7.066973, 
29.64, 10, 1868.789, 0, 1868.789, 100.099, 0, 100.099, 2.5, -6.610001, 7.066973, 
29.68, 10, 1872.795, 0, 1872.795, 100.199, 0, 100.199, 2.5, -6.610001, 7.066973, 
29.72, 10, 1876.805, 0, 1876.805, 100.299, 0, 100.299, 2.5, -6.610001, 7.066973, 
29.76, 10, 1880.819, 0, 1880.819, 100.399, 0, 100.399, 2.5, -6.610001, 7.066973, 
29.8, 10, 1884.837, 0, 1884.837, 100.499, 0, 100.499, 2.5, -6.610001, 7.066973, 
29.84, 10, 1888.859, 0, 1888.859, 100.599, 0, 100.599, 2.5, -6.610001, 7.066973, 
29.88, 10, 1892.885, 0, 1892.885, 100.699, 0, 100.699, 2.5, -6.610001, 7.066973, 
29.92, 10, 1896.914, 0, 1896.914, 100.799, 0, 100.799, 2.5, -6.610001, 7.066973, 
29.96, 10, 1900.948, 0, 1900.948, 100.899, 0, 100.899, 2.5, -6.610001, 7.066973, 
30, 10, 1904.986, 0, 1904.986, 100.999, 0, 100.999, 2.5, -6.610001, 7.066973, 
30.04, 10, 1909.028, 0, 1909.028, 101.099, 0, 101.099, 2.5, -6.610001, 7.066973, 
30.08, 10, 1913.074, 0, 1913.074, 101.199, 0, 101.199, 2.5, -6.610001, 7.066973, 
30.12, 10, 1917.124, 0, 1917.124, 101.299, 0, 101.299, 2.5, -6.610001, 7.066973, 
30.16, 10, 1921.178, 0, 1921.178, 101.399, 0, 101.399, 2.5, -6.610001, 7.066973, 
30.2, 10, 1925.236, 0, 1925.236, 101.499, 0, 101.499, 2.5, -6.610001, 7.066973, 
30.24, 10, 1929.298, 0, 1929.298, 101.599, 0, 101.599, 2.5, -6.610001, 7.066973, 
30.28, 10, 1933.364, 0, 1933.364, 101.699, 0, 101.699, 2.5, -6.610001, 7.066973, 
30.32, 10, 1937.434, 0, 1937.434, 101.799, 0, 101.799, 2.5, -6.610001, 7.066973, 
30.36, 10, 1941.508, 0, 1941.508, 101.899, 0, 101.899, 2.5, -6.610001, 7.066973, 
30.4, 10, 1945.586, 0, 1945.586, 101.999, 0, 101.999, 2.5, -6.610001, 7.066973, 
30.44, 10, 1949.668, 0, 1949.668, 102.099, 0, 102.099, 2.5, -6.610001, 7.066973, 
30.48, 10, 1953.754, 0, 1953.754, 102.199, 0, 102.199, 2.5, -6.610001, 7.066973, 
30.52, 10, 1957.844, 0, 1957.844, 102.299, 0, 102.299, 2.5, -6.610001, 7.066973, 
30.56, 10, 1961.938, 0, 1961.938, 102.3989, 0, 102.3989, 2.5, -6.610001, 7.066973, 
30.6, 10, 1966.036, 0, 1966.036, 102.4989, 0, 102.4989, 2.5, -6.610001, 7.066973, 
30.64, 10, 1970.138, 0, 1970.138, 102.5989, 0, 102.5989, 2.5, -6.610001, 7.066973, 
30.68, 10, 1974.244, 0, 1974.244, 102.6989, 0, 102.6989, 2.5, -6.610001, 7.066973, 
30.72, 10, 1978.354, 0, 1978.354, 102.7989, 0, 102.7989, 2.5, -6.610001, 7.066973, 
30.76, 10, 1982.468, 0, 1982.468, 102.8989, 0, 102.8989, 2.5, -6.610001, 7.066973, 
30.8, 10, 1986.585, 0, 1986.585, 102.9989, 0, 102.9989, 2.5, -6.610001, 7.066973, 
30.84, 10, 1990.707, 0, 1990.707, 103.0989, 0, 103.0989, 2.5, -6.610001, 7.066973, 
30.88, 10, 1994.833, 0, 1994.833, 103.1989, 0, 103.1989, 2.5, -6.610001, 7.066973, 
30.92, 10, 1998.963, 0, 1998.963, 103.2989, 0, 103.2989, 2.5, -6.610001, 7.066973, 
30.96, 10, 2003.097, 0, 2003.097, 103.3989, 0, 103.3989, 2.5, -6.610001, 7.066973, 
31, 10, 2007.235, 0, 2007.235, 103.4989, 0, 103.4989, 2.5, -6.610001, 7.066973, 
31.04, 10, 2011.377, 0, 2011.377, 103.5989, 0, 103.5989, 2.5, -6.610001, 7.066973, 
31.08, 10, 2015.523, 0, 2015.523, 103.6989, 0, 103.6989, 2.5, -6.610001, 7.066973, 
31.12, 10, 2019.673, 0, 2019.673, 103.7989, 0, 103.7989, 2.5, -6.610001, 7.066973, 
31.16, 10, 2023.827, 0, 2023.827, 103.8989, 0, 103.8989, 2.5, -6.610001, 7.066973, 
31.2, 10, 2027.985, 0, 2027.985, 103.9989, 0, 103.9989, 2.5, -6.610001, 7.066973, 
31.24, 10, 2032.147, 0, 2032.147, 104.0989, 0, 104.0989, 2.5, -6.610001, 7.066973, 
31.28, 10, 2036.313, 0, 2036.313, 104.1989, 0, 104.1989, 2.5, -6.610001, 7.066973, 
31.32, 10, 2040.483, 0, 2040.483, 104.2989, 0, 104.2989, 2.5, -6.610001, 7.066973, 
31.36, 10, 2044.657, 0, 2044.657, 104.3989, 0, 104.3989, 2.5, -6.610001, 7.066973, 
31.4, 10, 2048.835, 0, 2048.835, 104.4989, 0, 104.4989, 2.5, -6.610001, 7.066973, 
31.44, 10, 2053.017, 0, 2053.017, 104.5989, 0, 104.5989, 2.5, -6.610001, 7.066973, 
31.48, 10, 2057.203, 0, 2057.203, 104.6989, 0, 104.6989, 2.5, -6.610001, 7.066973, 
31.52, 10, 2061.393, 0, 2061.393, 104.7989, 0, 104.7989, 2.5, -6.610001, 7.066973, 
31.56, 10, 2065.586, 0, 2065.586, 104.8989, 0, 104.8989, 2.5, -6.610001, 7.066973, 
31.6, 10, 2069.784, 0, 2069.784, 104.9989, 0, 104.9989, 2.5, -6.610001, 7.066973, 
31.64, 10, 2073.986, 0, 2073.986, 105.0989, 0, 105.0989, 2.5, -6.610001, 7.066973, 
31.68, 10, 2078.192, 0, 2078.192, 105.1989, 0, 105.1989, 2.5, -6.610001, 7.066973, 
31.72, 10, 2082.402, 0, 2082.402, 105.2989, 0, 105.2989, 2.5, -6.610001, 7.066973, 
31.76, 10, 2086.616, 0, 2086.616, 105.3989, 0, 105.3989, 2.5, -6.610001, 7.066973, 
31.8, 10, 2090.834, 0, 2090.834, 105.4989, 0, 105.4989, 2.5, -6.610001, 7.066973, 
31.84, 10, 2095.056, 0, 2095.056, 105.5989, 0, 105.5989, 2.5, -6.610001, 7.066973, 
31.88, 10, 2099.282, 0, 2099.282, 105.6989, 0, 105.6989, 2.5, -6.610001, 7.066973, 
31.92, 10, 2103.512, 0, 2103.512, 105.7989, 0, 105.7989, 2.5, -6.610001, 7.066973, 
31.96, 10, 2107.746, 0, 2107.746, 105.8989, 0, 105.8989, 2.5, -6.610001, 7.066973, 
32, 10, 2111.984, 0, 2111.984, 105.9989, 0, 105.9989, 2.5, -6.610001, 7.066973, 
32.04, 10, 2116.226, 0, 2116.226, 106.0989, 0, 106.0989, 2.5, -6.610001, 7.066973, 
32.08, 10, 2120.472, 0, 2120.472, 106.1989, 0, 106.1989, 2.5, -6.610001, 7.066973, 
32.12, 10, 2124.722, 0, 2124.722, 106.2989, 0, 106.2989, 2.5, -6.610001, 7.066973, 
32.16, 10, 2128.976, 0, 2128.976, 106.3989, 0, 106.3989, 2.5, -6.610001, 7.066973, 
32.2, 10, 2133.234, 0, 2133.234, 106.4989, 0, 106.4989, 2.5, -6.610001, 7.066973, 
32.24, 10, 2137.496, 0, 2137.496, 106.5989, 0, 106.5989, 2.5, -6.610001, 7.066973, 
32.28, 10, 2141.762, 0, 2141.762, 106.6989, 0, 106.6989, 2.5, -6.610001, 7.066973, 
32.32, 10, 2146.032, 0, 2146.032, 106.7989, 0, 106.7989, 2.5, -6.610001, 7.066973, 
32.36, 10, 2150.306, 0, 2150.306, 106.8989, 0, 106.8989, 2.5, -6.610001, 7.066973, 
32.4, 10, 2154.584, 0, 2154.584, 106.9989, 0, 106.9989, 2.5, -6.610001, 7.066973, 
32.44, 10, 2158.866, 0, 2158.866, 107.0989, 0, 107.0989, 2.5, -6.610001, 7.066973, 
32.48, 10, 2163.152, 0, 2163.152, 107.1989, 0, 107.1989, 2.5, -6.610001, 7.066973, 
32.52, 10, 2167.442, 0, 2167.442, 107.2989, 0, 107.2989, 2.5, -6.610001, 7.066973, 
32.56, 10, 2171.736, 0, 2171.736, 107.3989, 0, 107.3989, 2.5, -6.610001, 7.066973, 
32.6, 10, 2176.033, 0, 2176.033, 107.4989, 0, 107.4989, 2.5, -6.610001, 7.066973, 
32.64, 10, 2180.335, 0, 2180.335, 107.5989, 0, 107.5989, 2.5, -6.610001, 7.066973, 
32.68, 10, 2184.641, 0, 2184.641, 107.6989, 0, 107.6989, 2.5, -6.610001, 7.066973, 
32.72, 10, 2188.951, 0, 2188.951, 107.7989, 0, 107.7989, 2.5, -6.610001, 7.066973, 
32.76, 10, 2193.265, 0, 2193.265, 107.8989, 0, 107.8989, 2.5, -6.610001, 7.066973, 
32.8, 10, 2197.583, 0, 2197.583, 107.9989, 0, 107.9989, 2.5, -6.610001, 7.066973, 
32.84, 10, 2201.905, 0, 2201.905, 108.0989, 0, 108.0989, 2.5, -6.610001, 7.066973, 
32.88, 10, 2206.231, 0, 2206.231, 108.1989, 0, 108.1989, 2.5, -6.610001, 7.066973, 
32.92, 10, 2210.561, 0, 2210.561, 108.2989, 0, 108.2989, 2.5, -6.610001, 7.066973, 
32.96, 10, 2214.895, 0, 2214.895, 108.3989, 0, 108.3989, 2.5, -6.610001, 7.066973, 
33, 10, 2219.233, 0, 2219.233, 108.4989, 0, 108.4989, 2.5, -6.610001, 7.066973, 
33.04, 10, 2223.575, 0, 2223.575, 108.5989, 0, 108.5989, 2.5, -6.610001, 7.066973, 
33.08, 10, 2227.921, 0, 2227.921, 108.6989, 0, 108.6989, 2.5, -6.610001, 7.066973, 
33.12, 10, 2232.271, 0, 2232.271, 108.7989, 0, 108.7989, 2.5, -6.610001, 7.066973, 
33.16, 10, 2236.625, 0, 2236.625, 108.8988, 0, 108.8988, 2.5, -6.610001, 7.066973, 
33.2, 10, 2240.983, 0, 2240.983, 108.9988, 0, 108.9988, 2.5, -6.610001, 7.066973, 
33.24, 10, 2245.345, 0, 2245.345, 109.0988, 0, 109.0988, 2.5, -6.610001, 7.066973, 
33.28, 10, 2249.711, 0, 2249.711, 109.1988, 0, 109.1988, 2.5, -6.610001, 7.066973, 
33.32, 10, 2254.081, 0, 2254.081, 109.2988, 0, 109.2988, 2.5, -6.610001, 7.066973, 
33.36, 10, 2258.455, 0, 2258.455, 109.3988, 0, 109.3988, 2.5, -6.610001, 7.066973, 
33.4, 10, 2262.833, 0, 2262.833, 109.4988, 0, 109.4988, 2.5, -6.610001, 7.066973, 
33.44, 10, 2267.214, 0, 2267.214, 109.5988, 0, 109.5988, 2.5, -6.610001, 7.066973, 
33.48, 10, 2271.6, 0, 2271.6, 109.6988, 0, 109.6988, 2.5, -6.610001, 7.066973, 
33.52, 10, 2275.99, 0, 2275.99, 109.7988, 0, 109.7988, 2.5, -6.610001, 7.066973, 
33.56, 10, 2280.384, 0, 2280.384, 109.8988, 0, 109.8988, 2.5, -6.610001, 7.066973, 
33.6, 10, 2284.782, 0, 2284.782, 109.9988, 0, 109.9988, 2.5, -6.610001, 7.066973, 
33.64, 10, 2289.184, 0, 2289.184, 110.0988, 0, 110.0988, 2.5, -6.610001, 7.066973, 
33.68, 10, 2293.59, 0, 2293.59, 110.1988, 0, 110.1988, 2.5, -6.610001, 7.066973, 
33.72, 10, 2298, 0, 2298, 110.2988, 0, 110.2988, 2.5, -6.610001, 7.066973, 
33.76, 10, 2302.414, 0, 2302.414, 110.3988, 0, 110.3988, 2.5, -6.610001, 7.066973, 
33.8, 10, 2306.832, 0, 2306.832, 110.4988, 0, 110.4988, 2.5, -6.610001, 7.066973, 
33.84, 10, 2311.254, 0, 2311.254, 110.5988, 0, 110.5988, 2.5, -6.610001, 7.066973, 
33.88, 10, 2315.68, 0, 2315.68, 110.6988, 0, 110.6988, 2.5, -6.610001, 7.066973, 
33.92, 10, 2320.11, 0, 2320.11, 110.7988, 0, 110.7988, 2.5, -6.610001, 7.066973, 
33.96, 10, 2324.544, 0, 2324.544, 110.8988, 0, 110.8988, 2.5, -6.610001, 7.066973, 
34, 10, 2328.982, 0, 2328.982, 110.9988, 0, 110.9988, 2.5, -6.610001, 7.066973, 
34.04, 10, 2333.424, 0, 2333.424, 111.0988, 0, 111.0988, 2.5, -6.610001, 7.066973, 
34.08, 10, 2337.87, 0, 2337.87, 111.1988, 0, 111.1988, 2.5, -6.610001, 7.066973, 
34.12, 10, 2342.32, 0, 2342.32, 111.2988, 0, 111.2988, 2.5, -6.610001, 7.066973, 
34.16, 10, 2346.773, 0, 2346.773, 111.3988, 0, 111.3988, 2.5, -6.610001, 7.066973, 
34.2, 10, 2351.231, 0, 2351.231, 111.4988, 0, 111.4988, 2.5, -6.610001, 7.066973, 
34.24, 10, 2355.693, 0, 2355.693, 111.5988, 0, 111.5988, 2.5, -6.610001, 7.066973, 
34.28, 10, 2360.159, 0, 2360.159, 111.6988, 0, 111.6988, 2.5, -6.610001, 7.066973, 
34.32, 10, 2364.629, 0, 2364.629, 111.7988, 0, 111.7988, 2.5, -6.610001, 7.066973, 
34.36, 10, 2369.103, 0, 2369.103, 111.8988, 0, 111.8988, 2.5, -6.610001, 7.066973, 
34.4, 10, 2373.581, 0, 2373.581, 111.9988, 0, 111.9988, 2.5, -6.610001, 7.066973, 
34.44, 10, 2378.063, 0, 2378.063, 112.0988, 0, 112.0988, 2.5, -6.610001, 7.066973, 
34.48, 10, 2382.549, 0, 2382.549, 112.1988, 0, 112.1988, 2.5, -6.610001, 7.066973, 
34.52, 10, 2387.039, 0, 2387.039, 112.2988, 0, 112.2988, 2.5, -6.610001, 7.066973, 
34.56, 10, 2391.533, 0, 2391.533, 112.3988, 0, 112.3988, 2.5, -6.610001, 7.066973, 
34.6, 10, 2396.031, 0, 2396.031, 112.4988, 0, 112.4988, 2.5, -6.610001, 7.066973, 
34.64, 10, 2400.533, 0, 2400.533, 112.5988, 0, 112.5988, 2.5, -6.610001, 7.066973, 
34.68, 10, 2405.039, 0, 2405.039, 112.6988, 0, 112.6988, 2.5, -6.610001, 7.066973, 
34.72, 10, 2409.549, 0, 2409.549, 112.7988, 0, 112.7988, 2.5, -6.610001, 7.066973, 
34.76, 10, 2414.063, 0, 2414.063, 112.8988, 0, 112.8988, 2.5, -6.610001, 7.066973, 
34.8, 10, 2418.581, 0, 2418.581, 112.9988, 0, 112.9988, 2.5, -6.610001, 7.066973, 
34.84, 10, 2423.103, 0, 2423.103, 113.0988, 0, 113.0988, 2.5, -6.610001, 7.066973, 
34.88, 10, 2427.629, 0, 2427.629, 113.1988, 0, 113.1988, 2.5, -6.610001, 7.066973, 
34.92, 10, 2432.159, 0, 2432.159, 113.2988, 0, 113.2988, 2.5, -6.610001, 7.066973, 
34.96, 10, 2436.693, 0, 2436.693, 113.3988, 0, 113.3988, 2.5, -6.610001, 7.066973, 
35, 10, 2441.23, 0, 2441.23, 113.4988, 0, 113.4988, 2.5, -6.610001, 7.066973, 
35.04, 10, 2445.772, 0, 2445.772, 113.5988, 0, 113.5988, 2.5, -6.610001, 7.066973, 
35.08, 10, 2450.318, 0, 2450.318, 113.6988, 0, 113.6988, 2.5, -6.610001, 7.066973, 
35.12, 10, 2454.868, 0, 2454.868, 113.7988, 0, 113.7988, 2.5, -6.610001, 7.066973, 
35.16, 10, 2459.422, 0, 2459.422, 113.8988, 0, 113.8988, 2.5, -6.610001, 7.066973, 
35.2, 10, 2463.98, 0, 2463.98, 113.9988, 0, 113.9988, 2.5, -6.610001, 7.066973, 
35.24, 10, 2468.542, 0, 2468.542, 114.0988, 0, 114.0988, 2.5, -6.610001, 7.066973, 
35.28, 10, 2473.108, 0, 2473.108, 114.1988, 0, 114.1988, 2.5, -6.610001, 7.066973, 
35.32, 10, 2477.678, 0, 2477.678, 114.2988, 0, 114.2988, 2.5, -6.610001, 7.066973, 
35.36, 10, 2482.252, 0, 2482.252, 114.3988, 0, 114.3988, 2.5, -6.610001, 7.066973, 
35.4, 10, 2486.83, 0, 2486.83, 114.4988, 0, 114.4988, 2.5, -6.610001, 7.066973, 
35.44, 10, 2491.412, 0, 2491.412, 114.5988, 0, 114.5988, 2.5, -6.610001, 7.066973, 
35.48, 10, 2495.998, 0, 2495.998, 114.6988, 0, 114.6988, 2.5, -6.610001, 7.066973, 
35.52, 10, 2500.588, 0, 2500.588, 114.7988, 0, 114.7988, 2.5, -6.610001, 7.066973, 
35.56, 10, 2505.182, 0, 2505.182, 114.8988, 0, 114.8988, 2.5, -6.610001, 7.066973, 
35.6, 10, 2509.78, 0, 2509.78, 114.9988, 0, 114.9988, 2.5, -6.610001, 7.066973, 
35.64, 10, 2514.382, 0, 2514.382, 115.0988, 0, 115.0988, 2.5, -6.610001, 7.066973, 
35.68, 10, 2518.988, 0, 2518.988, 115.1988, 0, 115.1988, 2.5, -6.610001, 7.066973, 
35.72, 10, 2523.598, 0, 2523.598, 115.2988, 0, 115.2988, 2.5, -6.610001, 7.066973, 
35.76, 10, 2528.212, 0, 2528.212, 115.3988, 0, 115.3988, 2.5, -6.610001, 7.066973, 
35.8, 10, 2532.83, 0, 2532.83, 115.4987, 0, 115.4987, 2.5, -6.610001, 7.066973, 
35.84, 10, 2537.452, 0, 2537.452, 115.5987, 0, 115.5987, 2.5, -6.610001, 7.066973, 
35.88, 10, 2542.078, 0, 2542.078, 115.6987, 0, 115.6987, 2.5, -6.610001, 7.066973, 
35.92, 10, 2546.708, 0, 2546.708, 115.7987, 0, 115.7987, 2.5, -6.610001, 7.066973, 
35.96, 10, 2551.342, 0, 2551.342, 115.8987, 0, 115.8987, 2.5, -6.610001, 7.066973, 
36, 10, 2555.979, 0, 2555.979, 115.9987, 0, 115.9987, 2.5, -6.610001, 7.066973, 
36.04, 10, 2560.621, 0, 2560.621, 116.0987, 0, 116.0987, 2.5, -6.610001, 7.066973, 
36.08, 10, 2565.267, 0, 2565.267, 116.1987, 0, 116.1987, 2.5, -6.610001, 7.066973, 
36.12, 10, 2569.917, 0, 2569.917, 116.2987, 0, 116.2987, 2.5, -6.610001, 7.066973, 
36.16, 10, 2574.571, 0, 2574.571, 116.3987, 0, 116.3987, 2.5, -6.610001, 7.066973, 
36.2, 10, 2579.229, 0, 2579.229, 116.4987, 0, 116.4987, 2.5, -6.610001, 7.066973, 
36.24, 10, 2583.891, 0, 2583.891, 116.5987, 0, 116.5987, 2.5, -6.610001, 7.066973, 
36.28, 10, 2588.557, 0, 2588.557, 116.6987, 0, 116.6987, 2.5, -6.610001, 7.066973, 
36.32, 10, 2593.227, 0, 2593.227, 116.7987, 0, 116.7987, 2.5, -6.610001, 7.066973, 
36.36, 10, 2597.901, 0, 2597.901, 116.8987, 0, 116.8987, 2.5, -6.610001, 7.066973, 
36.4, 10, 2602.579, 0, 2602.579, 116.9987, 0, 116.9987, 2.5, -6.610001, 7.066973, 
36.44, 10, 2607.261, 0, 2607.261, 117.0987, 0, 117.0987, 2.5, -6.610001, 7.066973, 
36.48, 10, 2611.947, 0, 2611.947, 117.1987, 0, 117.1987, 2.5, -6.610001, 7.066973, 
36.52, 10, 2616.637, 0, 2616.637, 117.2987, 0, 117.2987, 2.5, -6.610001, 7.066973, 
36.56, 10, 2621.331, 0, 2621.331, 117.3987, 0, 117.3987, 2.5, -6.610001, 7.066973, 
36.6, 10, 2626.029, 0, 2626.029, 117.4987, 0, 117.4987, 2.5, -6.610001, 7.066973, 
36.64, 10, 2630.73, 0, 2630.73, 117.5987, 0, 117.5987, 2.5, -6.610001, 7.066973, 
36.68, 10, 2635.437, 0, 2635.437, 117.6987, 0, 117.6987, 2.5, -6.610001, 7.066973, 
36.72, 10, 2640.146, 0, 2640.146, 117.7987, 0, 117.7987, 2.5, -6.610001, 7.066973, 
36.76, 10, 2644.86, 0, 2644.86, 117.8987, 0, 117.8987, 2.5, -6.610001, 7.066973, 
36.8, 10, 2649.578, 0, 2649.578, 117.9987, 0, 117.9987, 2.5, -6.610001, 7.066973, 
36.84, 10, 2654.3, 0, 2654.3, 118.0987, 0, 118.0987, 2.5, -6.610001, 7.066973, 
36.88, 10, 2659.026, 0, 2659.026, 118.1987, 0, 118.1987, 2.5, -6.610001, 7.066973, 
36.92, 10, 2663.756, 0, 2663.756, 118.2987, 0, 118.2987, 2.5, -6.610001, 7.066973, 
36.96, 10, 2668.49, 0, 2668.49, 118.3987, 0, 118.3987, 2.5, -6.610001, 7.066973, 
37, 10, 2673.228, 0, 2673.228, 118.4987, 0, 118.4987, 2.5, -6.610001, 7.066973, 
37.04, 10, 2677.97, 0, 2677.97, 118.5987, 0, 118.5987, 2.5, -6.610001, 7.066973, 
37.08, 10, 2682.716, 0, 2682.716, 118.6987, 0, 118.6987, 2.5, -6.610001, 7.066973, 
37.12, 10, 2687.466, 0, 2687.466, 118.7987, 0, 118.7987, 2.5, -6.610001, 7.066973, 
37.16, 10, 2692.22, 0, 2692.22, 118.8987, 0, 118.8987, 2.5, -6.610001, 7.066973, 
37.2, 10, 2696.978, 0, 2696.978, 118.9987, 0, 118.9987, 2.5, -6.610001, 7.066973, 
37.24, 10, 2701.74, 0, 2701.74, 119.0987, 0, 119.0987, 2.5, -6.610001, 7.066973, 
37.28, 10, 2706.506, 0, 2706.506, 119.1987, 0, 119.1987, 2.5, -6.610001, 7.066973, 
37.32, 10, 2711.276, 0, 2711.276, 119.2987, 0, 119.2987, 2.5, -6.610001, 7.066973, 
37.36, 10, 2716.05, 0, 2716.05, 119.3987, 0, 119.3987, 2.5, -6.610001, 7.066973, 
37.4, 10, 2720.827, 0, 2720.827, 119.4987, 0, 119.4987, 2.5, -6.610001, 7.066973, 
37.44, 10, 2725.609, 0, 2725.609, 119.5987, 0, 119.5987, 2.5, -6.610001, 7.066973, 
37.48, 10, 2730.395, 0, 2730.395, 119.6987, 0, 119.6987, 2.5, -6.610001, 7.066973, 
37.52, 10, 2735.185, 0, 2735.185, 119.7987, 0, 119.7987, 2.5, -6.610001, 7.066973, 
37.56, 10, 2739.979, 0, 2739.979, 119.8987, 0, 119.8987, 2.5, -6.610001, 7.066973, 
37.6, 10, 2744.777, 0, 2744.777, 119.9987, 0, 119.9987, 2.5, -6.610001, 7.066973, 
37.64, 10, 2749.579, 0, 2749.579, 120.0987, 0, 120.0987, 2.5, -6.610001, 7.066973, 
37.68, 10, 2754.385, 0, 2754.385, 120.1987, 0, 120.1987, 2.5, -6.610001, 7.066973, 
37.72, 10, 2759.195, 0, 2759.195, 120.2987, 0, 120.2987, 2.5, -6.610001, 7.066973, 
37.76, 10, 2764.009, 0, 2764.009, 120.3987, 0, 120.3987, 2.5, -6.610001, 7.066973, 
37.8, 10, 2768.827, 0, 2768.827, 120.4987, 0, 120.4987, 2.5, -6.610001, 7.066973, 
37.84, 10, 2773.649, 0, 2773.649, 120.5987, 0, 120.5987, 2.5, -6.610001, 7.066973, 
37.88, 10, 2778.475, 0, 2778.475, 120.6987, 0, 120.6987, 2.5, -6.610001, 7.066973, 
37.92, 10, 2783.305, 0, 2783.305, 120.7987, 0, 120.7987, 2.5, -6.610001, 7.066973, 
37.96, 10, 2788.139, 0, 2788.139, 120.8987, 0, 120.8987, 2.5, -6.610001, 7.066973, 
38, 10, 2792.977, 0, 2792.977, 120.9987, 0, 120.9987, 2.5, -6.610001, 7.066973, 
38.04, 10, 2797.819, 0, 2797.819, 121.0987, 0, 121.0987, 2.5, -6.610001, 7.066973, 
38.08, 10, 2802.665, 0, 2802.665, 121.1987, 0, 121.1987, 2.5, -6.610001, 7.066973, 
38.12, 10, 2807.514, 0, 2807.514, 121.2987, 0, 121.2987, 2.5, -6.610001, 7.066973, 
38.16, 10, 2812.368, 0, 2812.368, 121.3987, 0, 121.3987, 2.5, -6.610001, 7.066973, 
38.2, 10, 2817.226, 0, 2817.226, 121.4987, 0, 121.4987, 2.5, -6.610001, 7.066973, 
38.24, 10, 2822.088, 0, 2822.088, 121.5987, 0, 121.5987, 2.5, -6.610001, 7.066973, 
38.28, 10, 2826.954, 0, 2826.954, 121.6987, 0, 121.6987, 2.5, -6.610001, 7.066973, 
38.32, 10, 2831.824, 0, 2831.824, 121.7987, 0, 121.7987, 2.5, -6.610001, 7.066973, 
38.36, 10, 2836.698, 0, 2836.698, 121.8987, 0, 121.8987, 2.5, -6.610001, 7.066973, 
38.4, 10, 2841.576, 0, 2841.576, 121.9986, 0, 121.9986, 2.5, -6.610001, 7.066973, 
38.44, 10, 2846.458, 0, 2846.458, 122.0986, 0, 122.0986, 2.5, -6.610001, 7.066973, 
38.48, 10, 2851.344, 0, 2851.344, 122.1986, 0, 122.1986, 2.5, -6.610001, 7.066973, 
38.52, 10, 2856.234, 0, 2856.234, 122.2986, 0, 122.2986, 2.5, -6.610001, 7.066973, 
38.56, 10, 2861.128, 0, 2861.128, 122.3986, 0, 122.3986, 2.5, -6.610001, 7.066973, 
38.6, 10, 2866.026, 0, 2866.026, 122.4986, 0, 122.4986, 2.5, -6.610001, 7.066973, 
38.64, 10, 2870.928, 0, 2870.928, 122.5986, 0, 122.5986, 2.5, -6.610001, 7.066973, 
38.68, 10, 2875.834, 0, 2875.834, 122.6986, 0, 122.6986, 2.5, -6.610001, 7.066973, 
38.72, 10, 2880.744, 0, 2880.744, 122.7986, 0, 122.7986, 2.5, -6.610001, 7.066973, 
38.76, 10, 2885.658, 0, 2885.658, 122.8986, 0, 122.8986, 2.5, -6.610001, 7.066973, 
38.8, 10, 2890.576, 0, 2890.576, 122.9986, 0, 122.9986, 2.5, -6.610001, 7.066973, 
38.84, 10, 2895.498, 0, 2895.498, 123.0986, 0, 123.0986, 2.5, -6.610001, 7.066973, 
38.88, 10, 2900.424, 0, 2900.424, 123.1986, 0, 123.1986, 2.5, -6.610001, 7.066973, 
38.92, 10, 2905.354, 0, 2905.354, 123.2986, 0, 123.2986, 2.5, -6.610001, 7.066973, 
38.96, 10, 2910.287, 0, 2910.287, 123.3986, 0, 123.3986, 2.5, -6.610001, 7.066973, 
39, 10, 2915.225, 0, 2915.225, 123.4986, 0, 123.4986, 2.5, -6.610001, 7.066973, 
39.04, 10, 2920.167, 0, 2920.167, 123.5986, 0, 123.5986, 2.5, -6.610001, 7.066973, 
39.08, 10, 2925.113, 0, 2925.113, 123.6986, 0, 123.6986, 2.5, -6.610001, 7.066973, 
39.12, 10, 2930.063, 0, 2930.063, 123.7986, 0, 123.7986, 2.5, -6.610001, 7.066973, 
39.16, 10, 2935.017, 0, 2935.017, 123.8986, 0, 123.8986, 2.5, -6.610001, 7.066973, 
39.2, 10, 2939.975, 0, 2939.975, 123.9986, 0, 123.9986, 2.5, -6.610001, 7.066973, 
39.24, 10, 2944.937, 0, 2944.937, 124.0986, 0, 124.0986, 2.5, -6.610001, 7.066973, 
39.28, 10, 2949.903, 0, 2949.903, 124.1986, 0, 124.1986, 2.5, -6.610001, 7.066973, 
39.32, 10, 2954.873, 0, 2954.873, 124.2986, 0, 124.2986, 2.5, -6.610001, 7.066973, 
39.36, 10, 2959.847, 0, 2959.847, 124.3986, 0, 124.3986, 2.5, -6.610001, 7.066973, 
39.4, 10, 2964.825, 0, 2964.825, 124.4986, 0, 124.4986, 2.5, -6.610001, 7.066973, 
39.44, 10, 2969.807, 0, 2969.807, 124.5986, 0, 124.5986, 2.5, -6.610001, 7.066973, 
39.48, 10, 2974.793, 0, 2974.793, 124.6986, 0, 124.6986, 2.5, -6.610001, 7.066973, 
39.52, 10, 2979.783, 0, 2979.783, 124.7986, 0, 124.7986, 2.5, -6.610001, 7.066973, 
39.56, 10, 2984.777, 0, 2984.777, 124.8986, 0, 124.8986, 2.5, -6.610001, 7.066973, 
39.6, 10, 2989.775, 0, 2989.775, 124.9986, 0, 124.9986, 2.5, -6.610001, 7.066973, 
39.64, 10, 2994.777, 0, 2994.777, 125.0986, 0, 125.0986, 2.5, -6.610001, 7.066973, 
39.68, 10, 2999.782, 0, 2999.782, 125.1986, 0, 125.1986, 2.5, -6.610001, 7.066973, 
39.72, 10, 3004.792, 0, 3004.792, 125.2986, 0, 125.2986, 2.5, -6.610001, 7.066973, 
39.76, 10, 3009.806, 0, 3009.806, 125.3986, 0, 125.3986, 2.5, -6.610001, 7.066973, 
39.8, 10, 3014.824, 0, 3014.824, 125.4986, 0, 125.4986, 2.5, -6.610001, 7.066973, 
39.84, 10, 3019.846, 0, 3019.846, 125.5986, 0, 125.5986, 2.5, -6.610001, 7.066973, 
39.88, 10, 3024.872, 0, 3024.872, 125.6986, 0, 125.6986, 2.5, -6.610001, 7.066973, 
39.92, 10, 3029.902, 0, 3029.902, 125.7986, 0, 125.7986, 2.5, -6.610001, 7.066973, 
39.96, 10, 3034.936, 0, 3034.936, 125.8986, 0, 125.8986, 2.5, -6.610001, 7.066973, 
40, 10, 3039.974, 0, 3039.974, 125.9986, 0, 125.9986, 2.5, -6.610001, 7.066973, 
40.04, 10, 3045.016, 0, 3045.016, 126.0986, 0, 126.0986, 2.5, -6.610001, 7.066973, 
40.08, 10, 3050.062, 0, 3050.062, 126.1986, 0, 126.1986, 2.5, -6.610001, 7.066973, 
40.12, 10, 3055.112, 0, 3055.112, 126.2986, 0, 126.2986, 2.5, -6.610001, 7.066973, 
40.16, 10, 3060.166, 0, 3060.166, 126.3986, 0, 126.3986, 2.5, -6.610001, 7.066973, 
40.2, 10, 3065.224, 0, 3065.224, 126.4986, 0, 126.4986, 2.5, -6.610001, 7.066973, 
40.24, 10, 3070.286, 0, 3070.286, 126.5986, 0, 126.5986, 2.5, -6.610001, 7.066973, 
40.28, 10, 3075.352, 0, 3075.352, 126.6986, 0, 126.6986, 2.5, -6.610001, 7.066973, 
40.32, 10, 3080.421, 0, 3080.421, 126.7986, 0, 126.7986, 2.5, -6.610001, 7.066973, 
40.36, 10, 3085.495, 0, 3085.495, 126.8986, 0, 126.8986, 2.5, -6.610001, 7.066973, 
40.4, 10, 3090.573, 0, 3090.573, 126.9986, 0, 126.9986, 2.5, -6.610001, 7.066973, 
40.44, 10, 3095.655, 0, 3095.655, 127.0986, 0, 127.0986, 2.5, -6.610001, 7.066973, 
40.48, 10, 3100.741, 0, 3100.741, 127.1986, 0, 127.1986, 2.5, -6.610001, 7.066973, 
40.52, 10, 3105.831, 0, 3105.831, 127.2986, 0, 127.2986, 2.5, -6.610001, 7.066973, 
40.56, 10, 3110.925, 0, 3110.925, 127.3986, 0, 127.3986, 2.5, -6.610001, 7.066973, 
40.6, 10, 3116.023, 0, 3116.023, 127.4986, 0, 127.4986, 2.5, -6.610001, 7.066973, 
40.64, 10, 3121.125, 0, 3121.125, 127.5986, 0, 127.5986, 2.5, -6.610001, 7.066973, 
40.68, 10, 3126.231, 0, 3126.231, 127.6986, 0, 127.6986, 2.5, -6.610001, 7.066973, 
40.72, 10, 3131.341, 0, 3131.341, 127.7986, 0, 127.7986, 2.5, -6.610001, 7.066973, 
40.76, 10, 3136.455, 0, 3136.455, 127.8986, 0, 127.8986, 2.5, -6.610001, 7.066973, 
40.8, 10, 3141.573, 0, 3141.573, 127.9986, 0, 127.9986, 2.5, -6.610001, 7.066973, 
40.84, 10, 3146.695, 0, 3146.695, 128.0986, 0, 128.0986, 2.5, -6.610001, 7.066973, 
40.88, 10, 3151.821, 0, 3151.821, 128.1986, 0, 128.1986, 2.5, -6.610001, 7.066973, 
40.92, 10, 3156.95, 0, 3156.95, 128.2986, 0, 128.2986, 2.5, -6.610001, 7.066973, 
40.96, 10, 3162.084, 0, 3162.084, 128.3986, 0, 128.3986, 2.5, -6.610001, 7.066973, 
41, 10, 3167.222, 0, 3167.222, 128.4986, 0, 128.4986, 2.5, -6.610001, 7.066973, 
41.04, 10, 3172.364, 0, 3172.364, 128.5986, 0, 128.5986, 2.5, -6.610001, 7.066973, 
41.08, 10, 3177.51, 0, 3177.51, 128.6986, 0, 128.6986, 2.5, -6.610001, 7.066973, 
41.12, 10, 3182.66, 0, 3182.66, 128.7986, 0, 128.7986, 2.5, -6.610001, 7.066973, 
41.16, 10, 3187.814, 0, 3187.814, 128.8986, 0, 128.8986, 2.5, -6.610001, 7.066973, 
41.2, 10, 3192.972, 0, 3192.972, 128.9986, 0, 128.9986, 2.5, -6.610001, 7.066973, 
41.24, 10, 3198.134, 0, 3198.134, 129.0986, 0, 129.0986, 2.5, -6.610001, 7.066973, 
41.28, 10, 3203.3, 0, 3203.3, 129.1986, 0, 129.1986, 2.5, -6.610001, 7.066973, 
41.32, 10, 3208.47, 0, 3208.47, 129.2986, 0, 129.2986, 2.5, -6.610001, 7.066973, 
41.36, 10, 3213.644, 0, 3213.644, 129.3986, 0, 129.3986, 2.5, -6.610001, 7.066973, 
41.4, 10, 3218.822, 0, 3218.822, 129.4986, 0, 129.4986, 2.5, -6.610001, 7.066973, 
41.44, 10, 3224.004, 0, 3224.004, 129.5986, 0, 129.5986, 2.5, -6.610001, 7.066973, 
41.48, 10, 3229.19, 0, 3229.19, 129.6987, 0, 129.6987, 2.5, -6.610001, 7.066973, 
41.52, 10, 3234.38, 0, 3234.38, 129.7987, 0, 129.7987, 2.5, -6.610001, 7.066973, 
41.56, 10, 3239.573, 0, 3239.573, 129.8987, 0, 129.8987, 2.5, -6.610001, 7.066973, 
41.6, 10, 3244.771, 0, 3244.771, 129.9987, 0, 129.9987, 2.5, -6.610001, 7.066973, 
41.64, 10, 3249.973, 0, 3249.973, 130.0987, 0, 130.0987, 2.5, -6.610001, 7.066973, 
41.68, 10, 3255.179, 0, 3255.179, 130.1987, 0, 130.1987, 2.5, -6.610001, 7.066973, 
41.72, 10, 3260.389, 0, 3260.389, 130.2987, 0, 130.2987, 2.5, -6.610001, 7.066973, 
41.76, 10, 3265.603, 0, 3265.603, 130.3987, 0, 130.3987, 2.5, -6.610001, 7.066973, 
41.8, 10, 3270.821, 0, 3270.821, 130.4987, 0, 130.4987, 2.5, -6.610001, 7.066973, 
41.84, 10, 3276.043, 0, 3276.043, 130.5987, 0, 130.5987, 2.5, -6.610001, 7.066973, 
41.88, 10, 3281.269, 0, 3281.269, 130.6987, 0, 130.6987, 2.5, -6.610001, 7.066973, 
41.92, 10, 3286.499, 0, 3286.499, 130.7987, 0, 130.7987, 2.5, -6.610001, 7.066973, 
41.96, 10, 3291.733, 0, 3291.733, 130.8987, 0, 130.8987, 2.5, -6.610001, 7.066973, 
42, 10, 3296.971, 0, 3296.971, 130.9987, 0, 130.9987, 2.5, -6.610001, 7.066973, 
42.04, 10, 3302.213, 0, 3302.213, 131.0987, 0, 131.0987, 2.5, -6.610001, 7.066973, 
42.08, 10, 3307.459, 0, 3307.459, 131.1987, 0, 131.1987, 2.5, -6.610001, 7.066973, 
42.12, 10, 3312.709, 0, 3312.709, 131.2988, 0, 131.2988, 2.5, -6.610001, 7.066973, 
42.16, 10, 3317.963, 0, 3317.963, 131.3988, 0, 131.3988, 2.5, -6.610001, 7.066973, 
42.2, 10, 3323.221, 0, 3323.221, 131.4988, 0, 131.4988, 2.5, -6.610001, 7.066973, 
42.24, 10, 3328.483, 0, 3328.483, 131.5988, 0, 131.5988, 2.5, -6.610001, 7.066973, 
42.28, 10, 3333.749, 0, 3333.749, 131.6988, 0, 131.6988, 2.5, -6.610001, 7.066973, 
42.32, 10, 3339.019, 0, 3339.019, 131.7988, 0, 131.7988, 2.5, -6.610001, 7.066973, 
42.36, 10, 3344.292, 0, 3344.292, 131.8988, 0, 131.8988, 2.5, -6.610001, 7.066973, 
